run,max_size,greedy_overlap_min,greedy_overlap_max,beam_overlap_min,beam_overlap_max,runtime_brute,runtime_greedy,runtime_beam
1,5,0.8,0.6,0.8,0.6,0.008647,0.001506,0.00392
1,5,0.8,1.0,0.6,1.0,0.008612,0.001502,0.003929
1,5,0.6,0.8,0.6,1.0,0.008702,0.001503,0.003939
1,6,0.5,0.83,0.83,1.0,0.00915,0.001716,0.004633
1,6,0.5,1.0,1.0,1.0,0.009325,0.001717,0.004589
1,6,0.83,0.5,0.83,0.5,0.009269,0.00173,0.004608
1,7,1.0,0.86,1.0,0.86,0.006926,0.001908,0.005148
1,7,0.71,0.71,0.71,1.0,0.006881,0.001892,0.005107
1,7,1.0,0.86,1.0,0.86,0.006878,0.001891,0.005118
1,11,0.0,1.0,0.0,1.0,4.8e-05,0.002326,0.006409
1,11,0.0,1.0,0.0,1.0,3.2e-05,0.002338,0.006451
1,11,0.0,1.0,0.0,1.0,3.1e-05,0.002324,0.006418
2,5,0.8,0.4,1.0,0.6,0.008633,0.001496,0.003906
2,5,1.0,0.4,1.0,1.0,0.00864,0.001495,0.003913
2,5,0.6,0.8,0.6,1.0,0.008587,0.001485,0.003883
2,6,0.67,0.67,0.67,0.67,0.009178,0.001743,0.004649
2,6,0.83,0.67,0.83,1.0,0.009275,0.001727,0.004614
2,6,0.67,0.83,0.67,0.83,0.009261,0.001735,0.004613
2,7,0.71,1.0,0.86,1.0,0.007051,0.001911,0.005305
2,7,1.0,0.86,1.0,0.86,0.007037,0.00193,0.005295
2,7,0.71,1.0,1.0,1.0,0.006974,0.001919,0.0052
2,11,0.0,1.0,0.0,1.0,4.8e-05,0.002363,0.006553
2,11,0.0,1.0,0.0,1.0,3.3e-05,0.002383,0.006528
2,11,0.0,1.0,0.0,1.0,3.2e-05,0.002421,0.006658
3,5,1.0,0.6,1.0,0.6,0.008637,0.001498,0.003905
3,5,1.0,1.0,1.0,1.0,0.008617,0.001504,0.003903
3,5,0.8,0.4,0.8,1.0,0.008595,0.001487,0.004077
3,6,1.0,1.0,1.0,1.0,0.009136,0.001718,0.004554
3,6,1.0,1.0,1.0,1.0,0.00909,0.001692,0.004507
3,6,1.0,1.0,1.0,1.0,0.009206,0.001736,0.004618
3,7,0.86,0.71,0.86,0.86,0.006984,0.001927,0.005196
3,7,1.0,0.71,1.0,1.0,0.006958,0.00192,0.00519
3,7,0.86,1.0,0.86,0.86,0.006949,0.001916,0.005183
3,11,0.0,1.0,0.0,1.0,5.3e-05,0.002363,0.006456
3,11,0.0,1.0,0.0,1.0,3.3e-05,0.002329,0.00646
3,11,0.0,1.0,0.0,1.0,3.1e-05,0.002365,0.006633
4,5,1.0,0.6,1.0,0.6,0.008688,0.001489,0.003935
4,5,1.0,0.6,1.0,0.6,0.008666,0.001513,0.003944
4,5,0.8,1.0,0.8,1.0,0.008775,0.001509,0.00389
4,6,0.67,1.0,0.83,1.0,0.009386,0.001735,0.004675
4,6,0.5,0.83,0.83,0.83,0.009349,0.001749,0.004626
4,6,1.0,1.0,1.0,1.0,0.009335,0.001746,0.004593
4,7,0.57,0.57,1.0,0.57,0.006985,0.001946,0.005233
4,7,0.86,0.86,1.0,1.0,0.00701,0.001927,0.005205
4,7,1.0,0.71,1.0,0.71,0.007005,0.001921,0.005179
4,11,0.0,1.0,0.0,1.0,4.9e-05,0.002365,0.006533
4,11,0.0,1.0,0.0,1.0,3.3e-05,0.002343,0.006491
4,11,0.0,1.0,0.0,1.0,3.2e-05,0.002351,0.006487
5,5,1.0,1.0,1.0,1.0,0.008672,0.001518,0.00394
5,5,1.0,0.8,1.0,0.8,0.008666,0.001508,0.003943
5,5,0.0,0.6,0.0,0.2,0.008707,0.001513,0.003941
5,6,0.67,1.0,0.67,1.0,0.009129,0.001709,0.00455
5,6,1.0,0.83,1.0,0.83,0.009091,0.0017,0.004564
5,6,0.5,0.83,0.67,1.0,0.00916,0.001738,0.004626
5,7,1.0,0.86,1.0,0.86,0.007015,0.00194,0.005234
5,7,1.0,1.0,1.0,1.0,0.006996,0.001932,0.00522
5,7,0.71,1.0,0.71,1.0,0.007,0.001917,0.005172
5,11,0.0,1.0,0.0,1.0,5e-05,0.00236,0.006545
5,11,0.0,1.0,0.0,1.0,3.3e-05,0.002362,0.006617
5,11,0.0,1.0,0.0,1.0,3.2e-05,0.002369,0.006494
6,5,1.0,1.0,1.0,1.0,0.0087,0.00152,0.003961
6,5,1.0,0.6,1.0,1.0,0.008658,0.001507,0.003919
6,5,0.6,1.0,1.0,1.0,0.008655,0.001502,0.003968
6,6,0.67,0.5,0.67,0.67,0.009312,0.001738,0.004642
6,6,0.83,1.0,0.83,1.0,0.009243,0.001745,0.004654
6,6,0.83,0.67,0.83,0.67,0.009229,0.001726,0.004579
6,7,0.57,0.86,0.57,0.86,0.00698,0.001923,0.005184
6,7,1.0,0.71,1.0,0.71,0.006958,0.001917,0.005178
6,7,0.57,1.0,0.57,1.0,0.006956,0.001907,0.005159
6,11,0.0,1.0,0.0,1.0,4.5e-05,0.00232,0.006645
6,11,0.0,1.0,0.0,1.0,3.4e-05,0.002353,0.00641
6,11,0.0,1.0,0.0,1.0,3.1e-05,0.002394,0.006558
7,5,0.4,1.0,1.0,1.0,0.008688,0.001513,0.003926
7,5,0.4,0.8,0.4,1.0,0.008808,0.001544,0.00406
7,5,1.0,0.8,1.0,0.8,0.008883,0.001555,0.004054
7,6,0.67,0.67,0.67,0.83,0.009222,0.001737,0.004608
7,6,0.83,0.5,0.83,0.5,0.009276,0.001762,0.004632
7,6,1.0,1.0,1.0,1.0,0.009329,0.001739,0.004653
7,7,0.57,0.86,0.57,1.0,0.007072,0.001967,0.005296
7,7,1.0,0.43,1.0,1.0,0.007019,0.001931,0.005242
7,7,0.43,0.57,0.43,0.57,0.007007,0.001928,0.005219
7,11,0.0,1.0,0.0,1.0,5.5e-05,0.002343,0.006539
7,11,0.0,1.0,0.0,1.0,3.4e-05,0.002382,0.006595
7,11,0.0,1.0,0.0,1.0,3.2e-05,0.002385,0.00657
8,5,0.2,0.6,0.4,0.6,0.008678,0.001504,0.003933
8,5,0.4,0.2,0.4,0.2,0.008664,0.001513,0.00394
8,5,1.0,0.8,1.0,0.8,0.008639,0.001505,0.00392
8,6,1.0,0.83,1.0,1.0,0.009283,0.001753,0.004666
8,6,0.83,1.0,1.0,1.0,0.009445,0.001877,0.00612
8,6,0.83,0.5,0.83,0.5,0.010929,0.001866,0.004966
8,7,0.71,0.71,0.71,0.86,0.009113,0.002074,0.005516
8,7,0.57,0.71,0.57,0.71,0.007077,0.001947,0.005229
8,7,0.86,0.57,0.86,0.57,0.007019,0.001936,0.005222
8,11,0.0,1.0,0.0,1.0,5.5e-05,0.002372,0.006499
8,11,0.0,1.0,0.0,1.0,3.3e-05,0.002332,0.006552
8,11,0.0,1.0,0.0,1.0,3.2e-05,0.002378,0.006572
9,5,0.6,0.0,0.4,0.4,0.008589,0.001507,0.003935
9,5,0.8,1.0,0.8,1.0,0.008664,0.001504,0.003919
9,5,1.0,0.4,1.0,1.0,0.008645,0.001507,0.003927
9,6,0.83,1.0,1.0,1.0,0.009144,0.001708,0.004622
9,6,0.33,0.67,0.83,0.83,0.009247,0.001727,0.00462
9,6,1.0,0.5,1.0,0.67,0.009378,0.001742,0.004636
9,7,0.86,0.71,1.0,0.71,0.007044,0.001932,0.005223
9,7,1.0,0.71,1.0,0.86,0.007001,0.001949,0.005235
9,7,1.0,0.71,1.0,0.86,0.007103,0.001928,0.005228
9,11,0.0,1.0,0.0,1.0,5e-05,0.00239,0.006577
9,11,0.0,1.0,0.0,1.0,3.3e-05,0.002398,0.006571
9,11,0.0,1.0,0.0,1.0,3.2e-05,0.002424,0.006614
10,5,0.6,0.6,0.6,0.6,0.008722,0.001531,0.003969
10,5,0.6,1.0,0.6,1.0,0.008674,0.001516,0.003949
10,5,0.8,0.8,0.8,0.8,0.008669,0.001509,0.003947
10,6,1.0,0.83,1.0,0.83,0.009136,0.00173,0.004619
10,6,1.0,1.0,1.0,1.0,0.009267,0.001734,0.004627
10,6,1.0,0.33,1.0,0.33,0.009261,0.001738,0.004599
10,7,0.71,0.86,0.71,1.0,0.00703,0.001949,0.005265
10,7,0.86,1.0,0.86,1.0,0.006998,0.001939,0.005219
10,7,1.0,0.86,1.0,0.71,0.007018,0.001894,0.005165
10,11,0.0,1.0,0.0,1.0,5.2e-05,0.002395,0.006681
10,11,0.0,1.0,0.0,1.0,3.3e-05,0.00237,0.006558
10,11,0.0,1.0,0.0,1.0,3.2e-05,0.002378,0.0066
11,5,0.8,0.6,0.8,0.6,0.008589,0.00151,0.003857
11,5,1.0,0.6,1.0,0.8,0.008578,0.001503,0.003922
11,5,0.8,1.0,1.0,1.0,0.008687,0.001507,0.003956
11,6,1.0,0.67,1.0,1.0,0.009129,0.001704,0.004535
11,6,0.5,0.83,0.5,1.0,0.009213,0.00173,0.004614
11,6,0.5,0.5,0.67,0.5,0.009274,0.001732,0.004667
11,7,0.57,0.86,0.57,0.86,0.00731,0.002011,0.005302
11,7,0.86,0.86,1.0,0.71,0.007007,0.001924,0.005242
11,7,1.0,1.0,1.0,1.0,0.006987,0.001926,0.005218
11,11,0.0,1.0,0.0,1.0,5.3e-05,0.002381,0.006417
11,11,0.0,1.0,0.0,1.0,3.4e-05,0.002356,0.006425
11,11,0.0,1.0,0.0,1.0,3.1e-05,0.002368,0.006481
12,5,0.6,1.0,0.6,1.0,0.008661,0.00156,0.003955
12,5,0.6,0.4,0.6,0.6,0.008654,0.001517,0.003985
12,5,0.8,0.8,0.8,0.8,0.008651,0.00151,0.003942
12,6,0.67,0.83,0.83,0.83,0.009252,0.00174,0.004634
12,6,1.0,0.83,1.0,1.0,0.009245,0.001734,0.004643
12,6,0.83,0.83,0.83,1.0,0.00932,0.001746,0.004641
12,7,0.86,1.0,1.0,1.0,0.007107,0.001944,0.005227
12,7,0.71,0.86,0.71,0.71,0.007006,0.001931,0.005269
12,7,1.0,1.0,1.0,1.0,0.006998,0.001923,0.005206
12,11,0.0,1.0,0.0,1.0,5e-05,0.002395,0.006583
12,11,0.0,1.0,0.0,1.0,3.3e-05,0.00237,0.006549
12,11,0.0,1.0,0.0,1.0,3.1e-05,0.002363,0.006531
13,5,0.6,0.8,0.6,0.8,0.008563,0.001517,0.00395
13,5,0.4,1.0,0.4,1.0,0.008656,0.001522,0.003925
13,5,0.6,0.8,1.0,0.8,0.008661,0.001525,0.003939
13,6,0.83,1.0,0.83,1.0,0.0093,0.001742,0.004624
13,6,0.67,1.0,0.67,0.83,0.009258,0.001738,0.004611
13,6,0.83,0.83,0.83,0.83,0.00927,0.001732,0.004625
13,7,1.0,0.71,1.0,0.71,0.007097,0.001961,0.00523
13,7,0.86,0.71,0.86,0.71,0.00708,0.001961,0.005232
13,7,0.57,0.71,0.57,0.71,0.00708,0.001951,0.00523
13,11,0.0,1.0,0.0,1.0,4.9e-05,0.002378,0.006553
13,11,0.0,1.0,0.0,1.0,3.3e-05,0.002378,0.006579
13,11,0.0,1.0,0.0,1.0,3.2e-05,0.002386,0.00659
14,5,0.8,0.8,0.8,0.8,0.008686,0.001522,0.003967
14,5,0.8,0.6,0.8,0.6,0.008668,0.001511,0.003926
14,5,0.6,0.6,0.6,0.6,0.008734,0.001505,0.003918
14,6,0.83,1.0,1.0,1.0,0.009318,0.001744,0.004601
14,6,0.83,1.0,0.83,1.0,0.009278,0.001738,0.004642
14,6,0.67,0.83,0.67,0.83,0.009396,0.001744,0.004629
14,7,0.71,0.86,0.71,0.86,0.007034,0.001945,0.005248
14,7,1.0,0.71,1.0,0.86,0.00702,0.001929,0.005212
14,7,1.0,1.0,1.0,1.0,0.006995,0.001937,0.005225
14,11,0.0,1.0,0.0,1.0,4.9e-05,0.002357,0.006586
14,11,0.0,1.0,0.0,1.0,3.5e-05,0.002372,0.006555
14,11,0.0,1.0,0.0,1.0,3.4e-05,0.002399,0.006581
15,5,0.6,1.0,0.6,1.0,0.009378,0.001607,0.004193
15,5,0.6,1.0,1.0,1.0,0.00915,0.001589,0.004212
15,5,0.0,1.0,0.8,0.6,0.009102,0.001577,0.004139
15,6,1.0,0.83,1.0,1.0,0.009291,0.001744,0.004625
15,6,1.0,1.0,1.0,1.0,0.009269,0.001721,0.004592
15,6,0.67,0.5,1.0,1.0,0.009251,0.001724,0.004605
15,7,1.0,1.0,1.0,1.0,0.006955,0.001906,0.00518
15,7,0.43,0.57,0.43,0.57,0.006917,0.001944,0.005302
15,7,1.0,1.0,1.0,1.0,0.00702,0.001941,0.005321
15,11,0.0,1.0,0.0,1.0,5e-05,0.00237,0.006579
15,11,0.0,1.0,0.0,1.0,3.3e-05,0.002358,0.006526
15,11,0.0,1.0,0.0,1.0,3.2e-05,0.002376,0.006573
16,5,1.0,0.4,1.0,1.0,0.008695,0.001509,0.003933
16,5,0.4,0.6,0.6,0.8,0.008695,0.001504,0.00398
16,5,1.0,0.6,1.0,0.6,0.008688,0.001505,0.003975
16,6,1.0,1.0,1.0,1.0,0.009276,0.00174,0.004624
16,6,0.5,1.0,0.83,1.0,0.009239,0.001731,0.004636
16,6,0.83,1.0,1.0,1.0,0.009328,0.001731,0.004629
16,7,1.0,0.86,1.0,0.71,0.007018,0.001938,0.005242
16,7,1.0,1.0,1.0,1.0,0.006992,0.001932,0.0052
16,7,0.86,1.0,0.86,1.0,0.006994,0.001915,0.005184
16,11,0.0,1.0,0.0,1.0,5.1e-05,0.00235,0.006446
16,11,0.0,1.0,0.0,1.0,3.2e-05,0.002371,0.006565
16,11,0.0,1.0,0.0,1.0,3.2e-05,0.00238,0.006584
17,5,1.0,0.6,1.0,0.6,0.008707,0.001516,0.003945
17,5,0.8,1.0,0.8,1.0,0.008674,0.001511,0.003931
17,5,0.8,0.6,1.0,0.6,0.008765,0.001518,0.003951
17,6,0.83,1.0,1.0,0.83,0.009361,0.001748,0.00466
17,6,1.0,1.0,1.0,1.0,0.009278,0.001733,0.004621
17,6,0.83,0.83,0.83,0.83,0.009272,0.001723,0.004594
17,7,0.86,1.0,0.86,1.0,0.007053,0.00194,0.005233
17,7,1.0,0.57,1.0,0.57,0.007016,0.001935,0.005299
17,7,1.0,1.0,1.0,1.0,0.007009,0.001978,0.005238
17,11,0.0,1.0,0.0,1.0,5.2e-05,0.002401,0.006597
17,11,0.0,1.0,0.0,1.0,3.3e-05,0.002383,0.006586
17,11,0.0,1.0,0.0,1.0,3.1e-05,0.002377,0.006571
18,5,1.0,1.0,1.0,1.0,0.008551,0.001492,0.003916
18,5,0.6,0.8,0.6,0.8,0.008671,0.001515,0.003951
18,5,0.8,0.6,0.8,0.6,0.008659,0.001509,0.003939
18,6,0.67,0.67,0.67,1.0,0.009107,0.001726,0.004656
18,6,0.5,1.0,0.5,1.0,0.009295,0.00176,0.004641
18,6,1.0,0.83,1.0,0.83,0.00927,0.001734,0.004617
18,7,0.86,1.0,0.71,1.0,0.007034,0.001941,0.005242
18,7,1.0,1.0,1.0,1.0,0.007088,0.001968,0.00525
18,7,1.0,1.0,1.0,1.0,0.007021,0.00193,0.005205
18,11,0.0,1.0,0.0,1.0,5e-05,0.002387,0.006552
18,11,0.0,1.0,0.0,1.0,3.4e-05,0.002377,0.006547
18,11,0.0,1.0,0.0,1.0,3.2e-05,0.002383,0.006565
19,5,1.0,0.2,1.0,0.4,0.0087,0.00152,0.003954
19,5,0.6,0.4,0.6,0.4,0.008657,0.00151,0.003935
19,5,0.4,1.0,0.2,1.0,0.008678,0.001504,0.003927
19,6,0.83,0.67,1.0,0.67,0.009315,0.001741,0.00469
19,6,1.0,0.83,1.0,0.83,0.009382,0.001741,0.004625
19,6,1.0,0.67,1.0,0.67,0.009312,0.001763,0.004732
19,7,0.86,0.86,1.0,1.0,0.007082,0.001958,0.005262
19,7,0.57,0.86,0.57,0.86,0.007026,0.001931,0.005232
19,7,0.71,0.57,0.71,0.57,0.007046,0.001937,0.005246
19,11,0.0,1.0,0.0,1.0,4.9e-05,0.002381,0.006582
19,11,0.0,1.0,0.0,1.0,3.3e-05,0.002398,0.006602
19,11,0.0,1.0,0.0,1.0,3.2e-05,0.002388,0.006579
20,5,0.8,0.8,0.8,0.8,0.00866,0.001514,0.003942
20,5,0.4,0.6,0.4,1.0,0.008676,0.00151,0.003954
20,5,1.0,1.0,1.0,1.0,0.008656,0.001506,0.003935
20,6,0.83,0.83,0.83,1.0,0.009307,0.001729,0.004596
20,6,0.83,1.0,1.0,1.0,0.009269,0.001731,0.00464
20,6,0.67,0.67,1.0,0.67,0.009337,0.001747,0.004734
20,7,0.57,0.71,0.57,0.86,0.007016,0.001945,0.005222
20,7,1.0,1.0,1.0,1.0,0.007018,0.001932,0.005221
20,7,0.86,0.71,0.86,1.0,0.00701,0.001949,0.005296
20,11,0.0,1.0,0.0,1.0,5.2e-05,0.002359,0.006563
20,11,0.0,1.0,0.0,1.0,3.3e-05,0.002369,0.006545
20,11,0.0,1.0,0.0,1.0,3.2e-05,0.002413,0.006625
21,5,0.8,1.0,0.8,1.0,0.008558,0.001511,0.00394
21,5,0.8,1.0,0.8,1.0,0.008662,0.001504,0.003918
21,5,0.8,0.8,1.0,0.8,0.008656,0.001506,0.003932
21,6,0.5,0.5,0.5,0.5,0.012782,0.002544,0.004942
21,6,0.67,0.83,0.67,1.0,0.009859,0.001868,0.004776
21,6,1.0,1.0,1.0,1.0,0.009469,0.001782,0.004676
21,7,0.71,0.71,0.86,1.0,0.007029,0.001935,0.005237
21,7,0.71,1.0,1.0,1.0,0.007043,0.001929,0.005217
21,7,0.86,0.86,0.86,0.86,0.007018,0.001937,0.005217
21,11,0.0,1.0,0.0,1.0,4.6e-05,0.002327,0.00652
21,11,0.0,1.0,0.0,1.0,3.5e-05,0.002368,0.006543
21,11,0.0,1.0,0.0,1.0,3.1e-05,0.002362,0.006546
22,5,0.4,0.8,0.2,0.8,0.008687,0.001505,0.003925
22,5,0.4,1.0,0.8,1.0,0.008658,0.001502,0.003925
22,5,1.0,1.0,1.0,1.0,0.008711,0.001518,0.003958
22,6,1.0,0.67,1.0,0.33,0.009315,0.001735,0.004628
22,6,0.83,1.0,0.83,1.0,0.009267,0.001724,0.004597
22,6,0.83,0.83,0.83,0.83,0.009255,0.001721,0.00458
22,7,0.71,1.0,0.86,1.0,0.007306,0.001992,0.005275
22,7,0.86,0.71,0.86,0.86,0.007021,0.001943,0.005244
22,7,0.86,0.86,0.86,0.86,0.007006,0.001933,0.00527
22,11,0.0,1.0,0.0,1.0,4.9e-05,0.00238,0.006575
22,11,0.0,1.0,0.0,1.0,3.4e-05,0.002375,0.006555
22,11,0.0,1.0,0.0,1.0,3.2e-05,0.002369,0.006558
23,5,0.8,0.8,0.8,0.6,0.008582,0.001516,0.003936
23,5,0.2,0.6,1.0,1.0,0.008671,0.00151,0.003938
23,5,0.6,0.6,0.6,1.0,0.008645,0.001509,0.003941
23,6,0.83,1.0,0.83,1.0,0.00931,0.001752,0.004746
23,6,0.83,0.83,0.83,0.83,0.009431,0.001742,0.004656
23,6,0.83,0.5,0.83,1.0,0.009291,0.001737,0.00467
23,7,0.86,1.0,0.86,1.0,0.007074,0.001935,0.005216
23,7,1.0,1.0,1.0,1.0,0.007013,0.001935,0.00524
23,7,1.0,0.86,1.0,0.86,0.007129,0.001941,0.005224
23,11,0.0,1.0,0.0,1.0,4.6e-05,0.002332,0.006451
23,11,0.0,1.0,0.0,1.0,3.3e-05,0.002383,0.006581
23,11,0.0,1.0,0.0,1.0,3.2e-05,0.002366,0.006525
24,5,0.8,1.0,0.8,1.0,0.008696,0.001511,0.003942
24,5,1.0,1.0,1.0,1.0,0.008707,0.001507,0.003929
24,5,0.2,0.6,0.4,0.8,0.008692,0.001504,0.003938
24,6,0.5,0.5,1.0,0.5,0.009292,0.001733,0.004634
24,6,0.67,0.5,0.67,0.5,0.009277,0.001733,0.004624
24,6,1.0,0.67,1.0,0.67,0.009244,0.001729,0.004604
24,7,0.43,0.57,1.0,0.86,0.007502,0.002091,0.005616
24,7,0.71,0.57,0.71,0.57,0.007327,0.002099,0.005539
24,7,1.0,1.0,1.0,1.0,0.007346,0.002027,0.006244
24,11,0.0,1.0,0.0,1.0,5.6e-05,0.002384,0.006576
24,11,0.0,1.0,0.0,1.0,3.4e-05,0.002374,0.00656
24,11,0.0,1.0,0.0,1.0,3.2e-05,0.002367,0.006542
25,5,0.8,0.6,0.8,0.6,0.008742,0.001514,0.003944
25,5,0.8,1.0,0.8,1.0,0.008677,0.001505,0.003919
25,5,1.0,0.6,1.0,1.0,0.008642,0.001495,0.003895
25,6,0.67,0.5,0.67,0.83,0.009304,0.001735,0.004648
25,6,0.5,0.83,0.5,0.83,0.009295,0.001749,0.00465
25,6,1.0,0.83,1.0,1.0,0.009318,0.001722,0.00459
25,7,0.71,0.71,0.71,0.71,0.007041,0.001941,0.005229
25,7,0.86,0.86,1.0,0.86,0.007009,0.001923,0.005213
25,7,0.86,1.0,0.86,1.0,0.007069,0.001952,0.005235
25,11,0.0,1.0,0.0,1.0,5.2e-05,0.002346,0.006517
25,11,0.0,1.0,0.0,1.0,3.4e-05,0.002384,0.006718
25,11,0.0,1.0,0.0,1.0,4e-05,0.002434,0.006726
26,5,1.0,0.8,1.0,0.8,0.008704,0.001508,0.003944
26,5,0.4,0.2,0.4,0.2,0.008664,0.001495,0.003919
26,5,0.4,0.6,0.6,0.6,0.008674,0.001511,0.004023
26,6,1.0,0.5,1.0,0.5,0.00934,0.00174,0.004746
26,6,0.83,0.5,0.83,0.83,0.009303,0.00182,0.004767
26,6,0.83,0.83,0.83,0.83,0.00926,0.001736,0.004666
26,7,0.86,1.0,0.86,1.0,0.00696,0.001895,0.005142
26,7,0.57,0.71,1.0,1.0,0.006996,0.001931,0.00523
26,7,1.0,0.57,1.0,0.57,0.007001,0.001931,0.005215
26,11,0.0,1.0,0.0,1.0,5.2e-05,0.002382,0.006605
26,11,0.0,1.0,0.0,1.0,3.3e-05,0.002361,0.006543
26,11,0.0,1.0,0.0,1.0,3.2e-05,0.002425,0.00658
27,5,0.8,0.6,0.8,0.8,0.008758,0.001544,0.004022
27,5,0.8,0.8,0.8,0.8,0.008673,0.001504,0.003927
27,5,0.8,1.0,0.8,1.0,0.008664,0.001506,0.003934
27,6,0.5,0.67,0.5,0.83,0.009172,0.001733,0.004609
27,6,0.67,1.0,0.67,1.0,0.009289,0.001734,0.004671
27,6,0.83,1.0,0.83,1.0,0.009265,0.001737,0.004677
27,7,0.71,1.0,1.0,1.0,0.007053,0.001951,0.005254
27,7,0.86,0.71,0.86,1.0,0.007017,0.001932,0.005216
27,7,0.71,0.71,0.71,0.86,0.007,0.001923,0.005222
27,11,0.0,1.0,0.0,1.0,7.5e-05,0.005581,0.024732
27,11,0.0,1.0,0.0,1.0,4.2e-05,0.006538,0.010514
27,11,0.0,1.0,0.0,1.0,4e-05,0.002914,0.007232
28,5,1.0,0.8,1.0,1.0,0.008906,0.001521,0.004072
28,5,0.8,0.6,1.0,1.0,0.008851,0.001519,0.003998
28,5,1.0,0.6,1.0,1.0,0.008832,0.001519,0.004008
28,6,0.67,0.33,0.67,1.0,0.009643,0.001773,0.004804
28,6,1.0,1.0,1.0,1.0,0.009657,0.001882,0.005066
28,6,1.0,0.83,1.0,0.83,0.009375,0.001766,0.004729
28,7,0.71,1.0,1.0,1.0,0.007117,0.001945,0.005269
28,7,1.0,1.0,1.0,1.0,0.00706,0.001944,0.005261
28,7,0.86,0.86,0.86,1.0,0.007155,0.001924,0.005241
28,11,0.0,1.0,0.0,1.0,5.6e-05,0.002371,0.006574
28,11,0.0,1.0,0.0,1.0,3.3e-05,0.002354,0.006529
28,11,0.0,1.0,0.0,1.0,3.2e-05,0.002369,0.006615
29,5,0.0,0.8,0.6,1.0,0.008688,0.001527,0.004074
29,5,1.0,0.6,1.0,1.0,0.008885,0.001529,0.003975
29,5,1.0,0.8,1.0,0.8,0.009008,0.001545,0.004072
29,6,0.83,0.83,1.0,0.83,0.009698,0.001753,0.004672
29,6,1.0,1.0,1.0,1.0,0.009443,0.00174,0.004737
29,6,0.83,0.5,1.0,0.5,0.010554,0.001781,0.004703
29,7,0.86,0.86,0.86,1.0,0.007011,0.001953,0.005307
29,7,0.71,1.0,0.86,1.0,0.007133,0.001967,0.005198
29,7,1.0,1.0,1.0,1.0,0.007059,0.001967,0.005197
29,11,0.0,1.0,0.0,1.0,5.2e-05,0.002393,0.006672
29,11,0.0,1.0,0.0,1.0,3.6e-05,0.002371,0.006575
29,11,0.0,1.0,0.0,1.0,3.2e-05,0.002376,0.006583
30,5,0.2,0.6,0.2,1.0,0.008702,0.001529,0.003977
30,5,0.8,1.0,1.0,1.0,0.008668,0.001513,0.003928
30,5,1.0,0.2,1.0,0.2,0.008651,0.001516,0.003938
30,6,0.5,0.67,0.5,1.0,0.009311,0.001742,0.004642
30,6,1.0,1.0,1.0,1.0,0.009366,0.001742,0.004626
30,6,0.5,0.67,0.67,0.83,0.009325,0.001738,0.004638
30,7,0.86,1.0,1.0,1.0,0.00697,0.001904,0.005275
30,7,1.0,0.71,1.0,0.71,0.007275,0.002132,0.005867
30,7,1.0,1.0,1.0,1.0,0.007302,0.001983,0.005589
30,11,0.0,1.0,0.0,1.0,5.5e-05,0.002389,0.006631
30,11,0.0,1.0,0.0,1.0,3.4e-05,0.002363,0.006536
30,11,0.0,1.0,0.0,1.0,3.2e-05,0.002384,0.006657
31,5,1.0,1.0,1.0,1.0,0.010117,0.001625,0.004308
31,5,1.0,0.4,1.0,0.4,0.008878,0.001519,0.003975
31,5,0.4,0.6,1.0,0.6,0.009062,0.001539,0.003954
31,6,0.5,0.67,0.5,0.67,0.009321,0.001835,0.004762
31,6,1.0,0.67,1.0,0.67,0.010587,0.00181,0.004638
31,6,1.0,1.0,1.0,1.0,0.009266,0.001741,0.004623
31,7,0.71,1.0,0.71,1.0,0.007073,0.001948,0.005263
31,7,0.71,0.71,1.0,0.71,0.007025,0.001921,0.005206
31,7,0.86,0.71,0.86,0.71,0.007111,0.001932,0.00525
31,11,0.0,1.0,0.0,1.0,5.1e-05,0.002381,0.006571
31,11,0.0,1.0,0.0,1.0,3.4e-05,0.002375,0.006558
31,11,0.0,1.0,0.0,1.0,3.2e-05,0.002375,0.006679
32,5,0.8,0.8,1.0,0.8,0.008722,0.00152,0.003943
32,5,1.0,0.4,1.0,1.0,0.008811,0.001507,0.003917
32,5,0.8,1.0,0.8,1.0,0.008749,0.001529,0.003949
32,6,1.0,0.83,1.0,0.83,0.009295,0.001737,0.004624
32,6,0.67,0.83,0.83,1.0,0.009266,0.001731,0.004646
32,6,0.67,1.0,0.67,1.0,0.009298,0.001757,0.00461
32,7,0.71,1.0,0.86,1.0,0.007086,0.001947,0.005358
32,7,1.0,1.0,1.0,1.0,0.007415,0.001988,0.005552
32,7,0.86,1.0,1.0,1.0,0.007092,0.001942,0.00522
32,11,0.0,1.0,0.0,1.0,5.4e-05,0.002387,0.006606
32,11,0.0,1.0,0.0,1.0,3.3e-05,0.002422,0.006843
32,11,0.0,1.0,0.0,1.0,3.6e-05,0.002454,0.00674
33,5,0.6,0.8,0.8,0.4,0.008769,0.001515,0.003963
33,5,0.6,0.4,0.6,0.4,0.008806,0.001518,0.004366
33,5,0.6,1.0,0.6,0.6,0.008752,0.001513,0.003971
33,6,0.67,0.83,0.67,0.83,0.00931,0.001744,0.004644
33,6,0.67,1.0,0.67,1.0,0.009297,0.001744,0.004647
33,6,1.0,1.0,1.0,1.0,0.009345,0.00176,0.004691
33,7,1.0,0.86,1.0,0.86,0.007144,0.001978,0.005329
33,7,1.0,0.86,1.0,0.86,0.007,0.001938,0.005253
33,7,1.0,0.71,1.0,0.86,0.00702,0.001915,0.005188
33,11,0.0,1.0,0.0,1.0,5.3e-05,0.002383,0.006581
33,11,0.0,1.0,0.0,1.0,3.4e-05,0.00237,0.006555
33,11,0.0,1.0,0.0,1.0,3.3e-05,0.002375,0.006547
34,5,1.0,0.4,1.0,1.0,0.008692,0.001511,0.003937
34,5,0.8,1.0,0.8,1.0,0.008659,0.001522,0.003956
34,5,1.0,0.8,1.0,1.0,0.008646,0.001502,0.003938
34,6,0.83,0.67,1.0,0.83,0.009231,0.001745,0.004637
34,6,0.67,0.5,0.67,0.5,0.009275,0.001721,0.004594
34,6,1.0,0.67,1.0,0.67,0.009272,0.001723,0.004594
34,7,0.71,0.57,0.71,0.86,0.007137,0.001935,0.005226
34,7,1.0,0.71,1.0,0.71,0.007038,0.001939,0.005237
34,7,0.71,1.0,0.71,1.0,0.007022,0.001923,0.005203
34,11,0.0,1.0,0.0,1.0,5.2e-05,0.002398,0.0066
34,11,0.0,1.0,0.0,1.0,3.4e-05,0.002387,0.006537
34,11,0.0,1.0,0.0,1.0,3.2e-05,0.002362,0.006529
35,5,0.8,0.8,0.8,0.8,0.008683,0.001517,0.003944
35,5,1.0,0.8,1.0,0.6,0.008695,0.001505,0.003923
35,5,0.8,1.0,1.0,1.0,0.008672,0.001499,0.003922
35,6,1.0,0.83,1.0,1.0,0.009273,0.001741,0.004648
35,6,0.83,0.5,1.0,1.0,0.009281,0.001722,0.004592
35,6,0.83,1.0,0.83,1.0,0.009242,0.001741,0.004693
35,7,0.71,0.71,0.71,0.71,0.023654,0.00205,0.005393
35,7,0.86,0.71,0.86,0.71,0.007514,0.00199,0.005324
35,7,0.71,1.0,1.0,1.0,0.007189,0.001981,0.005347
35,11,0.0,1.0,0.0,1.0,5.3e-05,0.002373,0.006558
35,11,0.0,1.0,0.0,1.0,3.2e-05,0.002374,0.006535
35,11,0.0,1.0,0.0,1.0,3.2e-05,0.00237,0.006536
36,5,0.8,0.6,0.8,0.6,0.008817,0.001529,0.003952
36,5,0.4,0.8,0.6,0.8,0.008682,0.001513,0.003925
36,5,1.0,1.0,1.0,1.0,0.008659,0.001514,0.003943
36,6,1.0,1.0,1.0,1.0,0.009399,0.001743,0.004627
36,6,0.67,0.83,0.67,0.83,0.009278,0.001753,0.004663
36,6,0.67,0.5,1.0,0.5,0.009286,0.001737,0.004636
36,7,1.0,0.86,1.0,0.86,0.007098,0.001998,0.005547
36,7,1.0,1.0,1.0,1.0,0.007053,0.00194,0.005231
36,7,0.57,1.0,0.71,1.0,0.007034,0.001925,0.005242
36,11,0.0,1.0,0.0,1.0,5.1e-05,0.002384,0.00659
36,11,0.0,1.0,0.0,1.0,3.4e-05,0.002364,0.006541
36,11,0.0,1.0,0.0,1.0,3.2e-05,0.002372,0.006554
37,5,1.0,0.2,1.0,0.2,0.008784,0.001515,0.003949
37,5,0.6,0.8,0.6,0.8,0.008658,0.001494,0.003919
37,5,1.0,1.0,1.0,1.0,0.008648,0.001504,0.003918
37,6,1.0,0.83,1.0,0.83,0.009291,0.001752,0.004621
37,6,1.0,0.5,1.0,0.5,0.009272,0.001743,0.004649
37,6,0.5,0.83,0.5,1.0,0.009262,0.00174,0.004627
37,7,0.71,1.0,0.71,1.0,0.0071,0.00195,0.005244
37,7,0.71,0.86,0.71,0.86,0.007026,0.001925,0.005209
37,7,1.0,0.71,1.0,0.86,0.007012,0.00193,0.005208
37,11,0.0,1.0,0.0,1.0,5.1e-05,0.002404,0.006566
37,11,0.0,1.0,0.0,1.0,3.3e-05,0.002364,0.006558
37,11,0.0,1.0,0.0,1.0,3.2e-05,0.00236,0.006523
38,5,0.4,1.0,0.8,1.0,0.008691,0.001521,0.003948
38,5,1.0,1.0,1.0,1.0,0.008731,0.00151,0.003924
38,5,0.8,1.0,0.8,1.0,0.008743,0.001522,0.003958
38,6,1.0,0.5,1.0,0.5,0.009294,0.001742,0.00463
38,6,1.0,0.5,1.0,0.5,0.009265,0.001716,0.004568
38,6,0.83,0.67,0.83,1.0,0.009249,0.001751,0.004624
38,7,0.57,1.0,0.57,1.0,0.007705,0.002134,0.005579
38,7,0.86,0.43,1.0,1.0,0.007919,0.002064,0.005698
38,7,0.57,0.86,0.71,1.0,0.008079,0.002037,0.00553
38,11,0.0,1.0,0.0,1.0,5.2e-05,0.002395,0.006606
38,11,0.0,1.0,0.0,1.0,3.3e-05,0.00237,0.00656
38,11,0.0,1.0,0.0,1.0,3.2e-05,0.002376,0.006566
39,5,1.0,0.4,1.0,0.4,0.008682,0.001513,0.00394
39,5,0.8,0.6,0.8,0.6,0.008646,0.001489,0.003891
39,5,0.6,0.6,0.6,0.6,0.00867,0.001506,0.003928
39,6,1.0,0.5,1.0,0.5,0.009246,0.001763,0.004697
39,6,1.0,1.0,1.0,1.0,0.009402,0.001738,0.004652
39,6,0.83,0.83,0.83,0.83,0.009392,0.00173,0.004623
39,7,1.0,0.86,1.0,1.0,0.007066,0.001955,0.005276
39,7,1.0,1.0,1.0,1.0,0.007032,0.00194,0.005238
39,7,0.71,0.71,0.71,0.71,0.007027,0.001941,0.005251
39,11,0.0,1.0,0.0,1.0,5.1e-05,0.002395,0.006607
39,11,0.0,1.0,0.0,1.0,3.3e-05,0.002375,0.006584
39,11,0.0,1.0,0.0,1.0,3.3e-05,0.002388,0.006562
40,5,1.0,1.0,1.0,1.0,0.008853,0.001596,0.004028
40,5,0.8,0.6,0.8,1.0,0.008694,0.001531,0.003968
40,5,0.6,0.8,0.6,0.8,0.009084,0.001572,0.00409
40,6,0.67,1.0,0.67,1.0,0.009295,0.001765,0.004703
40,6,0.67,1.0,0.67,1.0,0.009356,0.001743,0.004646
40,6,0.67,0.67,0.67,0.67,0.009339,0.001726,0.004608
40,7,0.86,0.86,0.86,0.86,0.007041,0.001932,0.005228
40,7,1.0,1.0,1.0,1.0,0.00707,0.002005,0.005256
40,7,0.86,1.0,0.86,1.0,0.007043,0.001943,0.005229
40,11,0.0,1.0,0.0,1.0,5.1e-05,0.002398,0.006605
40,11,0.0,1.0,0.0,1.0,3.3e-05,0.002368,0.006551
40,11,0.0,1.0,0.0,1.0,3.2e-05,0.002365,0.006534
41,5,0.2,0.2,0.2,0.2,0.008686,0.001501,0.003909
41,5,0.8,1.0,1.0,1.0,0.008672,0.001508,0.003942
41,5,1.0,1.0,1.0,1.0,0.008719,0.001513,0.003964
41,6,0.67,0.67,0.67,1.0,0.009799,0.001824,0.004816
41,6,0.5,0.67,0.83,0.83,0.010138,0.001752,0.00465
41,6,1.0,0.83,1.0,1.0,0.009281,0.001746,0.004648
41,7,0.86,0.86,0.86,0.86,0.007076,0.001942,0.005243
41,7,1.0,0.71,1.0,0.86,0.007077,0.001947,0.005256
41,7,0.57,0.71,1.0,0.71,0.007048,0.001933,0.00526
41,11,0.0,1.0,0.0,1.0,5.5e-05,0.002415,0.006653
41,11,0.0,1.0,0.0,1.0,3.4e-05,0.002385,0.006598
41,11,0.0,1.0,0.0,1.0,3.2e-05,0.002385,0.00664
42,5,0.6,1.0,1.0,1.0,0.008871,0.001517,0.004008
42,5,1.0,0.6,1.0,0.8,0.008761,0.001494,0.00391
42,5,1.0,0.8,1.0,0.8,0.008742,0.001499,0.003921
42,6,1.0,0.83,1.0,0.83,0.009303,0.001736,0.004643
42,6,0.67,1.0,0.67,1.0,0.009324,0.001744,0.004644
42,6,1.0,1.0,1.0,1.0,0.009265,0.001745,0.004636
42,7,1.0,1.0,1.0,1.0,0.007074,0.001944,0.005239
42,7,0.71,0.71,1.0,1.0,0.007015,0.001927,0.005233
42,7,0.86,0.71,0.86,0.86,0.007026,0.001944,0.005212
42,11,0.0,1.0,0.0,1.0,5.5e-05,0.002379,0.006577
42,11,0.0,1.0,0.0,1.0,3.4e-05,0.002366,0.006546
42,11,0.0,1.0,0.0,1.0,3.2e-05,0.002372,0.006539
43,5,0.6,0.4,0.8,0.4,0.008691,0.001507,0.003926
43,5,0.2,0.8,0.2,0.8,0.008665,0.001512,0.003919
43,5,0.8,0.8,1.0,0.8,0.008634,0.001494,0.003927
43,6,0.83,1.0,0.83,1.0,0.009297,0.001741,0.004631
43,6,0.67,1.0,0.67,1.0,0.009299,0.001763,0.004636
43,6,0.5,0.67,1.0,1.0,0.009264,0.001725,0.004607
43,7,1.0,1.0,1.0,1.0,0.007044,0.001945,0.005243
43,7,0.86,1.0,0.86,1.0,0.00701,0.001932,0.005218
43,7,1.0,0.71,1.0,1.0,0.007008,0.001937,0.005242
43,11,0.0,1.0,0.0,1.0,5.1e-05,0.002391,0.006584
43,11,0.0,1.0,0.0,1.0,3.4e-05,0.002369,0.006899
43,11,0.0,1.0,0.0,1.0,4e-05,0.002378,0.006601
44,5,1.0,1.0,1.0,1.0,0.008643,0.001508,0.00394
44,5,1.0,1.0,1.0,1.0,0.008707,0.001505,0.003924
44,5,0.6,0.8,0.8,0.8,0.008654,0.001495,0.00391
44,6,1.0,0.83,1.0,1.0,0.009287,0.001737,0.004618
44,6,0.17,1.0,0.83,1.0,0.009284,0.001728,0.004618
44,6,0.83,1.0,0.83,1.0,0.00924,0.001737,0.00463
44,7,1.0,0.71,1.0,0.71,0.007058,0.001942,0.005245
44,7,0.86,0.86,0.86,1.0,0.007002,0.001938,0.005188
44,7,0.86,1.0,0.86,1.0,0.006997,0.001931,0.00523
44,11,0.0,1.0,0.0,1.0,4.8e-05,0.002386,0.006634
44,11,0.0,1.0,0.0,1.0,3.4e-05,0.00237,0.006539
44,11,0.0,1.0,0.0,1.0,3.2e-05,0.002381,0.006554
45,5,0.8,0.6,1.0,1.0,0.00913,0.001598,0.003981
45,5,0.8,1.0,1.0,1.0,0.008696,0.00151,0.004015
45,5,1.0,0.4,1.0,0.4,0.008771,0.001511,0.00394
45,6,0.5,1.0,0.67,1.0,0.009295,0.001738,0.004627
45,6,0.67,0.5,1.0,0.67,0.009365,0.001817,0.004868
45,6,0.83,1.0,1.0,1.0,0.009761,0.001822,0.004853
45,7,0.86,1.0,0.86,1.0,0.007063,0.001949,0.005257
45,7,0.71,1.0,0.71,1.0,0.007036,0.00193,0.005214
45,7,0.86,1.0,0.86,1.0,0.007057,0.001973,0.005329
45,11,0.0,1.0,0.0,1.0,5e-05,0.002402,0.006622
45,11,0.0,1.0,0.0,1.0,3.3e-05,0.002395,0.006575
45,11,0.0,1.0,0.0,1.0,3.1e-05,0.002377,0.00657
46,5,1.0,1.0,1.0,1.0,0.008712,0.001531,0.003968
46,5,0.4,1.0,0.8,1.0,0.008658,0.001507,0.003948
46,5,1.0,0.2,1.0,0.2,0.008665,0.001502,0.003991
46,6,0.83,0.83,0.83,1.0,0.009436,0.001747,0.004659
46,6,0.83,1.0,1.0,1.0,0.009376,0.001735,0.004622
46,6,1.0,0.83,1.0,1.0,0.009357,0.001742,0.004643
46,7,0.71,0.86,0.71,1.0,0.007168,0.001987,0.005349
46,7,0.57,0.86,0.86,0.86,0.007034,0.001939,0.005238
46,7,1.0,0.57,1.0,1.0,0.00705,0.001929,0.005246
46,11,0.0,1.0,0.0,1.0,5.1e-05,0.002372,0.006566
46,11,0.0,1.0,0.0,1.0,3.3e-05,0.002386,0.006585
46,11,0.0,1.0,0.0,1.0,3.2e-05,0.002373,0.006551
47,5,0.8,0.6,1.0,0.6,0.008692,0.001516,0.003948
47,5,0.6,0.8,0.6,0.8,0.008698,0.001509,0.003939
47,5,1.0,0.8,1.0,1.0,0.008653,0.001506,0.003931
47,6,1.0,0.67,1.0,0.67,0.009292,0.001746,0.004643
47,6,1.0,0.83,0.67,1.0,0.009264,0.001753,0.00461
47,6,1.0,0.67,1.0,0.83,0.009271,0.001737,0.004623
47,7,0.57,0.43,0.57,0.71,0.007106,0.001961,0.005264
47,7,0.71,0.86,0.71,0.86,0.007089,0.002115,0.005282
47,7,1.0,0.57,1.0,1.0,0.007078,0.001955,0.005322
47,11,0.0,1.0,0.0,1.0,5.3e-05,0.002388,0.006561
47,11,0.0,1.0,0.0,1.0,3.4e-05,0.002368,0.00655
47,11,0.0,1.0,0.0,1.0,3.2e-05,0.002363,0.006532
48,5,0.6,1.0,1.0,1.0,0.008669,0.001517,0.00394
48,5,1.0,0.8,1.0,0.8,0.008641,0.001508,0.003928
48,5,1.0,0.4,1.0,0.4,0.008665,0.001512,0.00396
48,6,1.0,0.83,1.0,1.0,0.00946,0.001772,0.004712
48,6,0.67,1.0,0.83,1.0,0.009266,0.001746,0.004663
48,6,0.5,0.67,0.5,1.0,0.009248,0.001731,0.004614
48,7,0.86,0.86,0.86,0.86,0.007046,0.00194,0.005235
48,7,1.0,1.0,1.0,1.0,0.007026,0.001925,0.005203
48,7,0.86,1.0,0.86,1.0,0.007022,0.00193,0.005207
48,11,0.0,1.0,0.0,1.0,5.3e-05,0.002384,0.006618
48,11,0.0,1.0,0.0,1.0,3.4e-05,0.00238,0.006613
48,11,0.0,1.0,0.0,1.0,3.3e-05,0.002369,0.006547
49,5,1.0,0.6,1.0,0.6,0.008693,0.001507,0.003919
49,5,0.6,0.2,0.6,0.6,0.008644,0.001506,0.003936
49,5,0.2,1.0,1.0,1.0,0.008647,0.001508,0.003917
49,6,0.5,1.0,0.5,1.0,0.009311,0.001736,0.004611
49,6,0.67,0.83,1.0,0.67,0.009351,0.00175,0.004662
49,6,0.83,0.67,0.83,1.0,0.009299,0.001754,0.004668
49,7,0.86,0.71,0.71,0.86,0.00712,0.001977,0.005254
49,7,1.0,0.71,1.0,0.71,0.007073,0.00195,0.00523
49,7,0.57,0.57,0.57,1.0,0.007076,0.001947,0.005234
49,11,0.0,1.0,0.0,1.0,4.9e-05,0.002383,0.006647
49,11,0.0,1.0,0.0,1.0,3.5e-05,0.002369,0.006551
49,11,0.0,1.0,0.0,1.0,3.3e-05,0.002374,0.006576
50,5,1.0,0.8,1.0,1.0,0.008788,0.001521,0.003943
50,5,0.8,0.4,1.0,1.0,0.008757,0.001509,0.003941
50,5,0.2,1.0,0.4,1.0,0.008744,0.001492,0.003904
50,6,0.67,1.0,1.0,1.0,0.009269,0.001731,0.004623
50,6,0.5,0.83,0.5,1.0,0.009302,0.001723,0.004663
50,6,1.0,0.83,1.0,0.83,0.009399,0.001742,0.004682
50,7,1.0,0.57,0.57,0.57,0.007038,0.001948,0.005239
50,7,1.0,0.86,1.0,0.86,0.007031,0.001932,0.005229
50,7,1.0,0.43,0.86,0.71,0.00699,0.001929,0.005191
50,11,0.0,1.0,0.0,1.0,4.9e-05,0.002384,0.006555
50,11,0.0,1.0,0.0,1.0,3.2e-05,0.002363,0.006536
50,11,0.0,1.0,0.0,1.0,3.2e-05,0.00238,0.006573
51,5,1.0,0.8,1.0,0.8,0.008706,0.001518,0.003936
51,5,0.6,0.6,0.4,1.0,0.008666,0.001508,0.00393
51,5,1.0,0.6,1.0,0.6,0.008713,0.001518,0.003919
51,6,0.83,0.67,1.0,0.67,0.009465,0.001743,0.004695
51,6,1.0,0.83,1.0,0.83,0.00935,0.001721,0.004592
51,6,0.67,1.0,0.67,1.0,0.009352,0.001716,0.004602
51,7,1.0,0.86,1.0,0.86,0.007049,0.001959,0.005248
51,7,0.57,0.86,1.0,0.71,0.007046,0.001931,0.005227
51,7,0.86,0.71,0.86,0.71,0.007032,0.001943,0.005252
51,11,0.0,1.0,0.0,1.0,5.2e-05,0.00239,0.006576
51,11,0.0,1.0,0.0,1.0,3.4e-05,0.002367,0.006582
51,11,0.0,1.0,0.0,1.0,3.2e-05,0.002385,0.006576
52,5,0.4,0.4,0.4,1.0,0.008699,0.001514,0.003949
52,5,0.8,0.8,0.8,1.0,0.008677,0.001494,0.003897
52,5,0.6,0.8,1.0,0.8,0.008675,0.00151,0.003938
52,6,1.0,0.67,1.0,1.0,0.009313,0.001745,0.00465
52,6,1.0,1.0,1.0,1.0,0.009278,0.001727,0.004608
52,6,0.83,0.83,0.83,0.83,0.009255,0.001721,0.004584
52,7,0.86,0.71,0.86,0.86,0.007101,0.001945,0.005274
52,7,1.0,0.57,1.0,1.0,0.007008,0.001918,0.005254
52,7,1.0,0.86,1.0,0.86,0.007002,0.00192,0.005246
52,11,0.0,1.0,0.0,1.0,5.2e-05,0.002376,0.006545
52,11,0.0,1.0,0.0,1.0,3.4e-05,0.002366,0.006556
52,11,0.0,1.0,0.0,1.0,3.2e-05,0.002393,0.006595
53,5,0.2,1.0,0.4,1.0,0.008834,0.001536,0.003988
53,5,0.6,0.8,0.6,0.8,0.008651,0.001546,0.003944
53,5,0.8,1.0,1.0,1.0,0.008716,0.001509,0.003929
53,6,0.5,0.67,0.5,0.67,0.009332,0.001754,0.004671
53,6,1.0,0.83,1.0,1.0,0.009271,0.001745,0.004649
53,6,1.0,0.5,1.0,0.83,0.009267,0.001738,0.004624
53,7,1.0,1.0,1.0,1.0,0.007012,0.001932,0.005218
53,7,0.86,1.0,0.86,1.0,0.007036,0.001936,0.005236
53,7,1.0,0.71,1.0,0.71,0.007018,0.001937,0.005219
53,11,0.0,1.0,0.0,1.0,4.8e-05,0.002393,0.006599
53,11,0.0,1.0,0.0,1.0,3.3e-05,0.002369,0.00655
53,11,0.0,1.0,0.0,1.0,3.2e-05,0.002375,0.006559
54,5,0.8,0.0,0.8,0.0,0.0087,0.001525,0.004063
54,5,0.6,1.0,1.0,1.0,0.008744,0.00151,0.003944
54,5,0.8,1.0,0.8,1.0,0.008756,0.001495,0.003905
54,6,1.0,1.0,1.0,1.0,0.009357,0.001763,0.004633
54,6,0.83,0.67,0.83,0.67,0.009279,0.001737,0.004626
54,6,0.67,0.83,1.0,0.83,0.009295,0.001737,0.004604
54,7,1.0,0.43,1.0,0.43,0.007108,0.001955,0.00528
54,7,0.86,0.86,1.0,0.57,0.007053,0.001949,0.005276
54,7,0.86,0.86,0.86,0.86,0.007073,0.00195,0.005273
54,11,0.0,1.0,0.0,1.0,5.1e-05,0.002402,0.006622
54,11,0.0,1.0,0.0,1.0,3.4e-05,0.002379,0.006564
54,11,0.0,1.0,0.0,1.0,3.2e-05,0.002376,0.006568
55,5,1.0,1.0,1.0,1.0,0.008704,0.001509,0.003936
55,5,1.0,0.6,1.0,0.6,0.008662,0.001512,0.003937
55,5,1.0,0.2,1.0,0.2,0.008655,0.001502,0.003934
55,6,0.67,0.83,0.67,0.83,0.012834,0.001868,0.0069
55,6,0.5,0.5,0.5,0.5,0.015614,0.001889,0.004959
55,6,1.0,0.5,1.0,0.5,0.01018,0.001852,0.005109
55,7,1.0,0.57,1.0,0.57,0.007091,0.00196,0.005251
55,7,1.0,1.0,1.0,1.0,0.007068,0.001947,0.005203
55,7,0.71,0.86,0.71,1.0,0.007063,0.001951,0.005207
55,11,0.0,1.0,0.0,1.0,5.3e-05,0.00239,0.006577
55,11,0.0,1.0,0.0,1.0,3.3e-05,0.002436,0.006586
55,11,0.0,1.0,0.0,1.0,3.4e-05,0.002381,0.006624
56,5,0.6,0.4,0.6,0.4,0.008688,0.001509,0.003919
56,5,0.8,1.0,0.8,1.0,0.00865,0.001505,0.00392
56,5,0.6,1.0,0.6,1.0,0.008642,0.001503,0.003928
56,6,1.0,0.67,1.0,0.67,0.009293,0.001741,0.004622
56,6,1.0,0.83,1.0,1.0,0.009263,0.001726,0.004611
56,6,0.67,0.5,0.67,0.5,0.009254,0.00173,0.004607
56,7,1.0,1.0,1.0,1.0,0.007016,0.001948,0.00524
56,7,1.0,0.86,1.0,0.86,0.006987,0.001933,0.005288
56,7,1.0,1.0,1.0,1.0,0.006986,0.001925,0.005257
56,11,0.0,1.0,0.0,1.0,5.2e-05,0.002401,0.006565
56,11,0.0,1.0,0.0,1.0,3.3e-05,0.002407,0.006591
56,11,0.0,1.0,0.0,1.0,3.2e-05,0.002405,0.006564
57,5,0.8,0.8,0.8,1.0,0.008689,0.001532,0.003964
57,5,1.0,0.4,1.0,0.8,0.008728,0.001503,0.003939
57,5,1.0,1.0,1.0,1.0,0.008722,0.001511,0.003918
57,6,1.0,1.0,1.0,1.0,0.009376,0.001739,0.004626
57,6,1.0,1.0,1.0,1.0,0.009242,0.001728,0.004596
57,6,0.83,0.67,0.83,0.67,0.009239,0.001737,0.004618
57,7,1.0,0.86,1.0,0.86,0.007074,0.001942,0.00529
57,7,0.71,0.86,0.86,0.86,0.007082,0.00195,0.005258
57,7,1.0,1.0,1.0,1.0,0.00704,0.001949,0.005252
57,11,0.0,1.0,0.0,1.0,5.5e-05,0.002418,0.006669
57,11,0.0,1.0,0.0,1.0,3.3e-05,0.002393,0.006646
57,11,0.0,1.0,0.0,1.0,3.2e-05,0.002386,0.006663
58,5,0.8,0.6,0.8,0.6,0.008857,0.001532,0.004038
58,5,1.0,0.6,1.0,0.6,0.008834,0.001516,0.003982
58,5,0.8,0.6,1.0,1.0,0.009046,0.001535,0.00397
58,6,0.83,0.83,1.0,1.0,0.009806,0.001814,0.004862
58,6,0.67,1.0,0.67,1.0,0.009368,0.001739,0.00463
58,6,0.83,1.0,1.0,1.0,0.009344,0.001742,0.004642
58,7,0.86,1.0,0.86,1.0,0.007323,0.002536,0.005946
58,7,1.0,0.86,1.0,1.0,0.008067,0.004122,0.005935
58,7,0.57,1.0,1.0,1.0,0.008744,0.003049,0.005712
58,11,0.0,1.0,0.0,1.0,7.9e-05,0.003778,0.007593
58,11,0.0,1.0,0.0,1.0,4.5e-05,0.002447,0.006734
58,11,0.0,1.0,0.0,1.0,3.8e-05,0.002461,0.006695
59,5,0.8,0.8,0.8,1.0,0.008678,0.00153,0.003994
59,5,1.0,0.6,1.0,0.6,0.009076,0.001551,0.004269
59,5,0.8,0.6,0.8,0.6,0.009251,0.0016,0.004056
59,6,1.0,0.67,1.0,1.0,0.009308,0.001761,0.00468
59,6,0.67,1.0,0.67,1.0,0.009336,0.001742,0.004651
59,6,1.0,0.67,1.0,1.0,0.00933,0.001745,0.004628
59,7,0.57,0.71,0.57,0.86,0.007133,0.001986,0.005366
59,7,1.0,0.71,1.0,1.0,0.007083,0.001958,0.00528
59,7,1.0,0.86,0.86,0.86,0.007014,0.001964,0.005271
59,11,0.0,1.0,0.0,1.0,5.1e-05,0.002375,0.006619
59,11,0.0,1.0,0.0,1.0,3.4e-05,0.002465,0.006606
59,11,0.0,1.0,0.0,1.0,3.4e-05,0.002412,0.006648
60,5,0.8,0.8,0.8,1.0,0.00877,0.001531,0.003978
60,5,1.0,0.6,1.0,0.6,0.008663,0.00154,0.003982
60,5,1.0,0.6,1.0,0.6,0.008733,0.001526,0.003967
60,6,0.83,1.0,0.83,1.0,0.009255,0.001751,0.004624
60,6,0.83,1.0,1.0,1.0,0.009596,0.001746,0.004659
60,6,1.0,1.0,1.0,1.0,0.009266,0.001733,0.004683
60,7,0.86,0.86,0.86,0.86,0.007073,0.00195,0.005205
60,7,0.71,1.0,0.71,1.0,0.007046,0.00194,0.005197
60,7,0.71,0.86,0.71,0.86,0.007045,0.001951,0.005204
60,11,0.0,1.0,0.0,1.0,5.1e-05,0.002416,0.006688
60,11,0.0,1.0,0.0,1.0,3.4e-05,0.002452,0.00667
60,11,0.0,1.0,0.0,1.0,3.2e-05,0.002396,0.006625
61,5,0.8,0.6,0.8,0.6,0.008628,0.001516,0.003946
61,5,1.0,1.0,1.0,1.0,0.008669,0.001496,0.003927
61,5,1.0,1.0,1.0,1.0,0.008643,0.001504,0.003887
61,6,1.0,0.67,1.0,0.67,0.010125,0.00184,0.004715
61,6,0.5,0.67,1.0,0.67,0.009359,0.001756,0.004647
61,6,0.67,1.0,1.0,1.0,0.00928,0.001754,0.004666
61,7,1.0,1.0,1.0,1.0,0.007129,0.001995,0.00531
61,7,0.71,1.0,0.71,1.0,0.007008,0.001959,0.005247
61,7,1.0,0.71,1.0,0.71,0.007115,0.001926,0.00531
61,11,0.0,1.0,0.0,1.0,4.9e-05,0.002411,0.006582
61,11,0.0,1.0,0.0,1.0,3.4e-05,0.002389,0.00663
61,11,0.0,1.0,0.0,1.0,3.2e-05,0.002376,0.006669
62,5,0.6,0.4,1.0,1.0,0.008696,0.001533,0.003965
62,5,1.0,1.0,1.0,1.0,0.008754,0.001504,0.003962
62,5,0.4,1.0,1.0,1.0,0.008756,0.001522,0.003933
62,6,0.83,0.83,1.0,0.83,0.009389,0.001761,0.004672
62,6,1.0,0.5,1.0,0.5,0.009378,0.001751,0.004665
62,6,0.67,1.0,0.67,1.0,0.009277,0.001749,0.004654
62,7,0.86,0.86,0.86,0.86,0.007054,0.00194,0.005281
62,7,0.86,1.0,0.86,1.0,0.007073,0.001934,0.005222
62,7,1.0,0.86,1.0,1.0,0.007052,0.001946,0.005222
62,11,0.0,1.0,0.0,1.0,5.5e-05,0.002423,0.006712
62,11,0.0,1.0,0.0,1.0,3.4e-05,0.00239,0.00661
62,11,0.0,1.0,0.0,1.0,3.2e-05,0.002394,0.006653
63,5,0.8,0.8,1.0,0.8,0.008709,0.001581,0.004007
63,5,0.4,0.4,0.4,1.0,0.008826,0.001512,0.003949
63,5,1.0,1.0,1.0,1.0,0.008738,0.001545,0.003932
63,6,1.0,1.0,1.0,1.0,0.009283,0.001737,0.004621
63,6,0.83,1.0,0.83,1.0,0.00928,0.001732,0.004641
63,6,0.83,0.5,0.83,0.5,0.009257,0.001718,0.004573
63,7,1.0,1.0,1.0,1.0,0.00703,0.001939,0.005227
63,7,0.57,0.86,0.86,0.86,0.007004,0.001932,0.00522
63,7,1.0,0.86,1.0,0.86,0.006992,0.00193,0.005214
63,11,0.0,1.0,0.0,1.0,4.8e-05,0.002399,0.006638
63,11,0.0,1.0,0.0,1.0,3.3e-05,0.002387,0.006598
63,11,0.0,1.0,0.0,1.0,3.2e-05,0.002399,0.006637
64,5,1.0,0.6,1.0,0.6,0.008679,0.001524,0.003979
64,5,0.8,0.8,0.8,0.8,0.008738,0.001505,0.004024
64,5,1.0,1.0,1.0,1.0,0.008755,0.001512,0.003938
64,6,0.5,0.5,0.67,0.5,0.009309,0.001773,0.004688
64,6,0.33,0.5,0.33,0.5,0.009476,0.001767,0.004714
64,6,0.83,0.67,0.83,0.67,0.009477,0.001924,0.004786
64,7,1.0,0.71,1.0,0.86,0.007417,0.002062,0.005351
64,7,1.0,1.0,1.0,1.0,0.007168,0.001943,0.005292
64,7,1.0,0.57,1.0,0.57,0.00762,0.002265,0.006707
64,11,0.0,1.0,0.0,1.0,6.5e-05,0.002461,0.006872
64,11,0.0,1.0,0.0,1.0,3.6e-05,0.002725,0.006899
64,11,0.0,1.0,0.0,1.0,4e-05,0.002378,0.00666
65,5,1.0,0.8,1.0,0.8,0.009148,0.001539,0.003982
65,5,0.4,0.6,0.4,0.6,0.008673,0.001527,0.003938
65,5,0.8,1.0,0.8,1.0,0.008766,0.001535,0.00398
65,6,0.83,1.0,0.83,1.0,0.009297,0.001763,0.004655
65,6,1.0,1.0,1.0,1.0,0.009257,0.001734,0.004668
65,6,0.33,0.83,0.67,0.83,0.009329,0.001735,0.004633
65,7,1.0,0.86,1.0,0.86,0.007039,0.001946,0.00523
65,7,0.71,0.86,1.0,1.0,0.007026,0.001922,0.005197
65,7,0.71,0.86,0.71,0.86,0.007006,0.001931,0.00523
65,11,0.0,1.0,0.0,1.0,5e-05,0.002421,0.006675
65,11,0.0,1.0,0.0,1.0,3.3e-05,0.002383,0.006615
65,11,0.0,1.0,0.0,1.0,3.2e-05,0.002405,0.0066
66,5,1.0,0.6,1.0,0.6,0.008816,0.001552,0.004037
66,5,0.4,0.6,0.4,0.8,0.008723,0.001506,0.003966
66,5,0.6,0.6,0.6,0.6,0.008638,0.001518,0.003909
66,6,0.5,0.67,0.5,0.83,0.00996,0.001808,0.00469
66,6,1.0,1.0,1.0,1.0,0.009359,0.00173,0.004605
66,6,1.0,1.0,1.0,1.0,0.00924,0.001762,0.004628
66,7,0.71,0.86,0.71,0.86,0.007053,0.001946,0.005279
66,7,1.0,1.0,1.0,1.0,0.007004,0.001928,0.005266
66,7,0.86,0.86,0.86,0.86,0.007015,0.001988,0.005219
66,11,0.0,1.0,0.0,1.0,5.3e-05,0.002401,0.0066
66,11,0.0,1.0,0.0,1.0,3.3e-05,0.002386,0.006541
66,11,0.0,1.0,0.0,1.0,3.2e-05,0.002408,0.006638
67,5,1.0,0.6,1.0,0.6,0.008723,0.001515,0.003916
67,5,0.8,0.8,1.0,0.8,0.008671,0.001513,0.00395
67,5,0.6,1.0,0.6,1.0,0.008745,0.001503,0.003923
67,6,0.67,1.0,0.83,1.0,0.009357,0.00176,0.004636
67,6,0.5,0.83,0.67,0.83,0.009305,0.001744,0.004657
67,6,0.67,0.67,0.67,0.67,0.009294,0.001746,0.00468
67,7,1.0,0.57,1.0,0.57,0.007038,0.001926,0.005232
67,7,0.71,1.0,0.86,0.86,0.007054,0.001925,0.00526
67,7,0.86,0.86,1.0,1.0,0.007115,0.001948,0.005213
67,11,0.0,1.0,0.0,1.0,4.7e-05,0.002399,0.006618
67,11,0.0,1.0,0.0,1.0,3.3e-05,0.002383,0.006611
67,11,0.0,1.0,0.0,1.0,3.2e-05,0.002369,0.006617
68,5,1.0,1.0,1.0,1.0,0.008739,0.001522,0.003933
68,5,0.8,0.6,0.8,0.6,0.00878,0.001508,0.00395
68,5,1.0,1.0,1.0,1.0,0.008843,0.001518,0.003936
68,6,0.83,0.83,0.83,0.67,0.009373,0.001749,0.004662
68,6,0.83,0.5,0.83,1.0,0.009266,0.001751,0.00468
68,6,0.83,0.83,1.0,1.0,0.009243,0.001725,0.004646
68,7,0.71,0.86,1.0,0.86,0.00713,0.00196,0.005239
68,7,1.0,1.0,1.0,1.0,0.007079,0.001933,0.005189
68,7,0.86,0.86,0.86,1.0,0.007059,0.00194,0.005248
68,11,0.0,1.0,0.0,1.0,4.9e-05,0.002409,0.006639
68,11,0.0,1.0,0.0,1.0,3.3e-05,0.002373,0.006616
68,11,0.0,1.0,0.0,1.0,3.2e-05,0.002382,0.006555
69,5,0.2,0.6,0.4,1.0,0.008695,0.001546,0.003967
69,5,0.8,1.0,1.0,1.0,0.008746,0.001514,0.003979
69,5,0.8,0.8,1.0,0.8,0.008681,0.001529,0.003926
69,6,1.0,0.83,1.0,0.83,0.009316,0.00174,0.00466
69,6,0.67,0.83,0.83,1.0,0.00935,0.001736,0.00462
69,6,0.67,0.83,0.83,0.83,0.009256,0.001752,0.004631
69,7,0.71,1.0,0.71,1.0,0.007017,0.001934,0.005238
69,7,0.86,0.86,0.86,0.86,0.007001,0.001932,0.005206
69,7,1.0,1.0,1.0,1.0,0.007005,0.001934,0.005243
69,11,0.0,1.0,0.0,1.0,5.1e-05,0.002389,0.006583
69,11,0.0,1.0,0.0,1.0,3.4e-05,0.002416,0.006567
69,11,0.0,1.0,0.0,1.0,3.3e-05,0.002387,0.006595
70,5,0.4,0.8,0.8,1.0,0.008762,0.001508,0.003937
70,5,0.8,0.6,0.8,0.2,0.008673,0.001513,0.003917
70,5,0.6,1.0,1.0,1.0,0.008663,0.001498,0.003963
70,6,1.0,0.83,1.0,0.83,0.009304,0.001735,0.004617
70,6,0.83,1.0,0.83,1.0,0.009552,0.001778,0.004786
70,6,1.0,0.83,1.0,1.0,0.009383,0.001749,0.004663
70,7,1.0,1.0,1.0,1.0,0.007035,0.001939,0.005216
70,7,0.71,0.86,0.71,0.86,0.007011,0.001948,0.005255
70,7,1.0,1.0,1.0,1.0,0.007071,0.001936,0.005283
70,11,0.0,1.0,0.0,1.0,5.3e-05,0.002396,0.006574
70,11,0.0,1.0,0.0,1.0,3.3e-05,0.002386,0.006624
70,11,0.0,1.0,0.0,1.0,3.2e-05,0.002401,0.00655
71,5,0.6,1.0,1.0,1.0,0.008703,0.001524,0.003979
71,5,1.0,0.8,1.0,0.8,0.008756,0.001514,0.003963
71,5,0.4,1.0,0.4,1.0,0.008651,0.001518,0.003926
71,6,1.0,0.83,1.0,1.0,0.009313,0.001744,0.004681
71,6,0.83,1.0,1.0,1.0,0.009322,0.001729,0.004617
71,6,0.5,1.0,0.5,1.0,0.009249,0.001748,0.004618
71,7,0.86,0.71,0.86,0.71,0.007047,0.001962,0.005338
71,7,0.71,1.0,0.86,1.0,0.006999,0.00193,0.005265
71,7,0.86,1.0,1.0,1.0,0.007016,0.001935,0.005228
71,11,0.0,1.0,0.0,1.0,5.1e-05,0.002402,0.006627
71,11,0.0,1.0,0.0,1.0,3.4e-05,0.002388,0.006603
71,11,0.0,1.0,0.0,1.0,3.2e-05,0.002377,0.006584
72,5,1.0,0.6,1.0,0.6,0.008715,0.001523,0.003953
72,5,0.6,1.0,1.0,1.0,0.008686,0.001508,0.00392
72,5,1.0,0.4,1.0,0.4,0.00873,0.001517,0.003938
72,6,0.83,0.83,0.83,0.83,0.009439,0.001741,0.004639
72,6,0.83,0.83,0.83,0.83,0.009401,0.00179,0.00464
72,6,0.83,1.0,0.83,1.0,0.009326,0.001746,0.004656
72,7,0.86,0.86,0.86,0.86,0.007129,0.001972,0.005302
72,7,0.43,0.71,1.0,0.71,0.00702,0.001943,0.005282
72,7,0.71,1.0,0.71,1.0,0.006994,0.001923,0.005184
72,11,0.0,1.0,0.0,1.0,5e-05,0.002385,0.006586
72,11,0.0,1.0,0.0,1.0,3.3e-05,0.002387,0.006544
72,11,0.0,1.0,0.0,1.0,3.2e-05,0.002372,0.006606
73,5,1.0,1.0,1.0,1.0,0.008718,0.001511,0.003931
73,5,0.8,0.0,1.0,0.2,0.008685,0.001506,0.00393
73,5,0.6,0.8,1.0,0.8,0.008828,0.001517,0.003951
73,6,0.5,0.67,0.5,1.0,0.009303,0.00175,0.004634
73,6,0.67,0.67,1.0,1.0,0.00926,0.001725,0.004652
73,6,0.5,0.5,1.0,0.67,0.009241,0.001738,0.004618
73,7,0.86,0.57,0.86,1.0,0.007039,0.001945,0.005245
73,7,0.86,0.57,0.86,0.86,0.007102,0.001952,0.005252
73,7,0.71,0.57,0.71,0.86,0.00707,0.001959,0.005227
73,11,0.0,1.0,0.0,1.0,4.9e-05,0.002379,0.006596
73,11,0.0,1.0,0.0,1.0,3.4e-05,0.002357,0.006536
73,11,0.0,1.0,0.0,1.0,3.2e-05,0.002366,0.006528
74,5,1.0,1.0,1.0,1.0,0.008727,0.001517,0.003951
74,5,0.6,1.0,0.8,1.0,0.008656,0.001567,0.003941
74,5,0.6,1.0,1.0,1.0,0.008663,0.001507,0.003959
74,6,1.0,0.83,1.0,0.83,0.009317,0.001744,0.004646
74,6,1.0,0.83,1.0,1.0,0.009289,0.001746,0.004657
74,6,0.67,1.0,0.83,1.0,0.009313,0.001766,0.004682
74,7,1.0,0.57,1.0,0.57,0.007036,0.001938,0.005244
74,7,1.0,1.0,1.0,1.0,0.007012,0.001935,0.005215
74,7,0.86,0.71,0.86,0.71,0.007004,0.001922,0.005198
74,11,0.0,1.0,0.0,1.0,4.9e-05,0.002387,0.006592
74,11,0.0,1.0,0.0,1.0,3.4e-05,0.002384,0.006545
74,11,0.0,1.0,0.0,1.0,3.2e-05,0.002383,0.006571
75,5,0.6,1.0,0.6,1.0,0.008698,0.001509,0.003917
75,5,1.0,1.0,1.0,1.0,0.008687,0.001513,0.003956
75,5,0.6,0.8,0.6,0.8,0.008669,0.001507,0.00392
75,6,1.0,0.33,1.0,0.67,0.009304,0.001735,0.004633
75,6,0.83,0.83,0.83,0.83,0.009276,0.001743,0.004647
75,6,0.67,1.0,0.67,1.0,0.009265,0.001731,0.004609
75,7,0.86,1.0,0.86,1.0,0.007033,0.001942,0.005292
75,7,0.86,1.0,1.0,1.0,0.007014,0.00193,0.005286
75,7,0.57,0.57,1.0,0.57,0.007003,0.001937,0.005271
75,11,0.0,1.0,0.0,1.0,4.7e-05,0.002392,0.006609
75,11,0.0,1.0,0.0,1.0,3.2e-05,0.002367,0.006535
75,11,0.0,1.0,0.0,1.0,3.2e-05,0.002381,0.006579
76,5,0.6,0.4,0.6,0.4,0.008831,0.001507,0.003924
76,5,1.0,0.8,1.0,1.0,0.008724,0.001521,0.003961
76,5,0.8,0.4,0.4,0.4,0.00887,0.001508,0.0041
76,6,0.5,1.0,0.67,1.0,0.009332,0.001812,0.004698
76,6,1.0,0.83,1.0,0.83,0.009338,0.001738,0.004633
76,6,0.83,0.83,1.0,0.67,0.009386,0.001752,0.004643
76,7,0.71,0.86,0.71,1.0,0.007038,0.001931,0.00522
76,7,1.0,1.0,1.0,1.0,0.007036,0.001942,0.005241
76,7,1.0,1.0,1.0,1.0,0.007008,0.001924,0.005201
76,11,0.0,1.0,0.0,1.0,5.3e-05,0.002385,0.006639
76,11,0.0,1.0,0.0,1.0,3.5e-05,0.002369,0.006632
76,11,0.0,1.0,0.0,1.0,3.5e-05,0.002387,0.006614
77,5,0.8,0.6,1.0,0.6,0.008763,0.001511,0.003957
77,5,0.8,0.8,1.0,0.8,0.008718,0.001554,0.003999
77,5,0.6,0.4,0.6,1.0,0.008695,0.001506,0.003949
77,6,1.0,0.5,1.0,0.5,0.009306,0.001733,0.004603
77,6,0.83,1.0,0.83,1.0,0.009265,0.001754,0.004631
77,6,0.83,1.0,0.83,1.0,0.009247,0.00173,0.004609
77,7,0.71,0.86,0.71,0.86,0.007031,0.001949,0.005255
77,7,0.86,0.86,0.86,0.86,0.007009,0.001924,0.005206
77,7,0.86,1.0,0.86,1.0,0.007013,0.001928,0.005217
77,11,0.0,1.0,0.0,1.0,5.1e-05,0.002372,0.006563
77,11,0.0,1.0,0.0,1.0,3.3e-05,0.002381,0.006584
77,11,0.0,1.0,0.0,1.0,3.2e-05,0.002379,0.006639
78,5,1.0,0.8,1.0,1.0,0.008726,0.001542,0.003951
78,5,0.2,1.0,0.2,1.0,0.008659,0.001507,0.003937
78,5,1.0,1.0,1.0,1.0,0.00868,0.001504,0.003924
78,6,1.0,0.67,1.0,0.67,0.009322,0.001737,0.004675
78,6,0.67,0.83,0.67,0.83,0.009271,0.001741,0.004688
78,6,0.33,0.33,0.83,1.0,0.009264,0.001741,0.004673
78,7,0.86,0.86,0.86,0.86,0.007038,0.001948,0.005253
78,7,0.86,1.0,0.86,1.0,0.007013,0.001933,0.005245
78,7,1.0,0.86,1.0,0.86,0.007022,0.001936,0.005243
78,11,0.0,1.0,0.0,1.0,5.1e-05,0.002385,0.006583
78,11,0.0,1.0,0.0,1.0,3.3e-05,0.002405,0.006582
78,11,0.0,1.0,0.0,1.0,3.3e-05,0.002391,0.006592
79,5,0.8,0.8,0.8,0.8,0.008827,0.001543,0.004008
79,5,0.8,0.6,1.0,1.0,0.008668,0.0015,0.003924
79,5,0.8,0.6,0.4,0.6,0.008723,0.001516,0.003955
79,6,0.67,0.67,0.67,0.83,0.010244,0.001839,0.004884
79,6,0.67,0.83,1.0,0.83,0.009693,0.00182,0.004845
79,6,0.83,1.0,0.83,1.0,0.009705,0.001824,0.004936
79,7,1.0,1.0,1.0,1.0,0.007155,0.001947,0.005247
79,7,0.71,1.0,0.71,1.0,0.007051,0.001938,0.005233
79,7,0.71,0.71,0.71,0.71,0.00705,0.001937,0.005228
79,11,0.0,1.0,0.0,1.0,5.5e-05,0.002386,0.006641
79,11,0.0,1.0,0.0,1.0,3.4e-05,0.002368,0.006535
79,11,0.0,1.0,0.0,1.0,3.2e-05,0.002378,0.006585
80,5,0.4,0.4,0.4,1.0,0.009085,0.001565,0.004061
80,5,0.8,0.6,0.8,1.0,0.008973,0.001572,0.004045
80,5,0.8,0.8,0.8,1.0,0.008897,0.001543,0.004011
80,6,0.5,1.0,0.5,1.0,0.009751,0.001761,0.004659
80,6,1.0,0.83,1.0,1.0,0.009251,0.00173,0.004624
80,6,1.0,0.83,1.0,0.83,0.009251,0.001731,0.004616
80,7,0.86,0.71,0.86,0.86,0.00703,0.001928,0.005191
80,7,1.0,0.57,1.0,0.86,0.007007,0.001934,0.005264
80,7,0.71,0.86,1.0,0.86,0.007007,0.001929,0.005223
80,11,0.0,1.0,0.0,1.0,5.3e-05,0.002393,0.006594
80,11,0.0,1.0,0.0,1.0,3.3e-05,0.002388,0.006567
80,11,0.0,1.0,0.0,1.0,3.2e-05,0.002371,0.006564
81,5,0.6,0.4,1.0,1.0,0.008661,0.001496,0.003899
81,5,1.0,0.4,1.0,0.4,0.008624,0.001517,0.003894
81,5,0.6,0.6,0.6,0.6,0.008624,0.001493,0.003898
81,6,0.67,1.0,0.67,1.0,0.009234,0.001722,0.004584
81,6,0.5,0.83,0.5,1.0,0.009224,0.001711,0.004566
81,6,0.83,0.67,1.0,0.67,0.009216,0.001709,0.004555
81,7,0.57,1.0,1.0,1.0,0.00709,0.001946,0.005225
81,7,0.71,0.86,0.71,0.86,0.007052,0.001946,0.005199
81,7,0.86,0.57,0.86,0.57,0.007056,0.001946,0.005174
81,11,0.0,1.0,0.0,1.0,5.9e-05,0.002416,0.006638
81,11,0.0,1.0,0.0,1.0,3.4e-05,0.002373,0.006567
81,11,0.0,1.0,0.0,1.0,3.2e-05,0.002368,0.006582
82,5,0.4,1.0,0.4,1.0,0.008701,0.001519,0.003946
82,5,0.8,1.0,1.0,1.0,0.00866,0.001503,0.003925
82,5,0.2,0.6,0.2,0.6,0.008637,0.001493,0.003898
82,6,1.0,0.83,1.0,0.83,0.009289,0.001744,0.004648
82,6,0.5,1.0,0.5,1.0,0.009361,0.001737,0.004666
82,6,0.83,1.0,0.83,1.0,0.00926,0.001739,0.00462
82,7,1.0,0.86,1.0,0.86,0.007096,0.001955,0.005267
82,7,0.71,0.86,0.71,0.86,0.007013,0.001937,0.005223
82,7,0.86,1.0,0.71,1.0,0.006999,0.001936,0.005208
82,11,0.0,1.0,0.0,1.0,5.4e-05,0.002407,0.006597
82,11,0.0,1.0,0.0,1.0,3.4e-05,0.002397,0.006626
82,11,0.0,1.0,0.0,1.0,3.2e-05,0.002379,0.00656
83,5,0.6,1.0,0.6,1.0,0.008729,0.001513,0.003936
83,5,1.0,0.8,1.0,1.0,0.008664,0.001506,0.003923
83,5,0.6,0.6,0.6,0.8,0.008652,0.001505,0.003923
83,6,0.83,0.33,1.0,0.67,0.009324,0.00174,0.004679
83,6,0.83,0.83,1.0,1.0,0.009274,0.001736,0.004679
83,6,1.0,0.83,1.0,0.5,0.009259,0.001724,0.004658
83,7,0.57,0.57,0.57,0.71,0.007048,0.001951,0.005257
83,7,0.86,0.57,0.86,0.86,0.007011,0.001916,0.005212
83,7,1.0,0.57,1.0,1.0,0.007,0.001926,0.005245
83,11,0.0,1.0,0.0,1.0,4.9e-05,0.00241,0.006568
83,11,0.0,1.0,0.0,1.0,3.4e-05,0.002376,0.006564
83,11,0.0,1.0,0.0,1.0,3.2e-05,0.002363,0.006548
84,5,1.0,1.0,1.0,1.0,0.008704,0.00152,0.003951
84,5,0.2,0.6,0.4,0.6,0.008673,0.001506,0.003936
84,5,1.0,1.0,1.0,1.0,0.008692,0.001513,0.003949
84,6,0.67,1.0,0.67,1.0,0.009283,0.001731,0.004611
84,6,1.0,1.0,1.0,1.0,0.009266,0.001728,0.0046
84,6,1.0,0.17,1.0,0.5,0.009297,0.001727,0.004608
84,7,0.86,0.86,0.86,0.86,0.007046,0.001933,0.00522
84,7,0.86,0.86,1.0,0.86,0.007008,0.001933,0.00523
84,7,0.86,0.86,0.86,0.86,0.007053,0.001938,0.005229
84,11,0.0,1.0,0.0,1.0,4.8e-05,0.002416,0.006585
84,11,0.0,1.0,0.0,1.0,3.3e-05,0.002369,0.00656
84,11,0.0,1.0,0.0,1.0,3.2e-05,0.002383,0.006585
85,5,0.4,1.0,0.8,1.0,0.008717,0.001518,0.003956
85,5,0.8,0.8,1.0,0.8,0.008689,0.001501,0.003927
85,5,0.6,0.4,0.6,1.0,0.008664,0.001507,0.003996
85,6,0.83,0.67,1.0,0.83,0.009285,0.001731,0.004617
85,6,0.83,0.67,0.83,0.67,0.009256,0.001756,0.004623
85,6,1.0,1.0,1.0,1.0,0.009322,0.001737,0.004611
85,7,0.71,1.0,0.86,1.0,0.007129,0.00196,0.005288
85,7,0.57,0.86,1.0,1.0,0.006992,0.001929,0.005232
85,7,0.71,0.86,0.86,0.86,0.006987,0.001931,0.005218
85,11,0.0,1.0,0.0,1.0,4.9e-05,0.002393,0.006579
85,11,0.0,1.0,0.0,1.0,3.2e-05,0.002377,0.006579
85,11,0.0,1.0,0.0,1.0,3.2e-05,0.002373,0.006554
86,5,1.0,0.6,1.0,1.0,0.008713,0.001519,0.003995
86,5,0.4,0.6,0.4,1.0,0.008702,0.001513,0.004021
86,5,0.4,0.8,1.0,1.0,0.008734,0.001518,0.003927
86,6,0.83,0.5,1.0,0.5,0.009309,0.001751,0.004624
86,6,1.0,1.0,1.0,1.0,0.00926,0.001729,0.004606
86,6,0.67,1.0,0.67,1.0,0.009244,0.001743,0.004629
86,7,0.86,0.71,0.86,0.71,0.007068,0.001926,0.005196
86,7,0.86,1.0,0.86,1.0,0.006999,0.00194,0.00523
86,7,0.86,0.71,0.86,0.71,0.007022,0.001921,0.005194
86,11,0.0,1.0,0.0,1.0,5.2e-05,0.002387,0.00657
86,11,0.0,1.0,0.0,1.0,3.4e-05,0.002381,0.006591
86,11,0.0,1.0,0.0,1.0,3.2e-05,0.002386,0.006602
87,5,1.0,1.0,1.0,1.0,0.008711,0.00152,0.003955
87,5,1.0,0.8,1.0,0.8,0.008664,0.001503,0.003929
87,5,0.8,0.8,0.8,0.8,0.008657,0.001503,0.00393
87,6,1.0,0.67,1.0,0.67,0.009301,0.001752,0.004653
87,6,1.0,0.33,1.0,0.33,0.009311,0.001726,0.004607
87,6,1.0,0.83,1.0,1.0,0.009261,0.001738,0.004722
87,7,1.0,1.0,1.0,1.0,0.007013,0.001936,0.005232
87,7,1.0,1.0,1.0,1.0,0.007012,0.001935,0.005226
87,7,1.0,1.0,1.0,1.0,0.007019,0.00193,0.005229
87,11,0.0,1.0,0.0,1.0,5.1e-05,0.00239,0.006579
87,11,0.0,1.0,0.0,1.0,3.4e-05,0.002365,0.006559
87,11,0.0,1.0,0.0,1.0,3.2e-05,0.002374,0.006579
88,5,0.8,1.0,1.0,1.0,0.008705,0.001519,0.003945
88,5,0.4,0.6,0.4,0.6,0.008662,0.001515,0.003942
88,5,1.0,1.0,1.0,1.0,0.008658,0.001506,0.003927
88,6,1.0,1.0,1.0,1.0,0.009294,0.001743,0.004688
88,6,1.0,0.33,1.0,1.0,0.009283,0.001721,0.004609
88,6,0.83,0.83,1.0,0.83,0.009245,0.001733,0.004605
88,7,0.57,1.0,0.57,1.0,0.00707,0.001947,0.005245
88,7,0.57,0.86,1.0,0.86,0.006996,0.001941,0.005229
88,7,0.86,1.0,1.0,1.0,0.007001,0.00194,0.005227
88,11,0.0,1.0,0.0,1.0,5e-05,0.002407,0.006711
88,11,0.0,1.0,0.0,1.0,3.4e-05,0.002376,0.006539
88,11,0.0,1.0,0.0,1.0,3.3e-05,0.002443,0.006575
89,5,0.6,0.8,0.8,0.8,0.008699,0.001513,0.003941
89,5,1.0,1.0,1.0,1.0,0.008706,0.001504,0.003974
89,5,0.8,0.4,0.8,0.4,0.009269,0.001536,0.004015
89,6,0.83,0.83,0.83,1.0,0.009619,0.001817,0.004992
89,6,0.5,0.83,0.5,1.0,0.012773,0.002331,0.005545
89,6,0.67,1.0,0.67,1.0,0.015225,0.001837,0.005033
89,7,0.57,0.71,0.57,0.71,0.007059,0.001933,0.005272
89,7,0.86,1.0,0.86,1.0,0.007015,0.001939,0.005243
89,7,0.86,0.86,0.86,1.0,0.007051,0.001939,0.005243
89,11,0.0,1.0,0.0,1.0,5.1e-05,0.002387,0.006704
89,11,0.0,1.0,0.0,1.0,3.5e-05,0.002381,0.006578
89,11,0.0,1.0,0.0,1.0,3.3e-05,0.002385,0.006619
90,5,0.4,0.8,0.4,0.8,0.00869,0.001515,0.003953
90,5,0.8,0.8,1.0,1.0,0.00867,0.001515,0.003939
90,5,1.0,1.0,1.0,1.0,0.008663,0.001512,0.003946
90,6,0.5,0.67,0.5,1.0,0.009317,0.001749,0.004633
90,6,0.83,0.67,0.83,0.83,0.009278,0.001739,0.004637
90,6,0.83,1.0,1.0,1.0,0.009296,0.001723,0.004595
90,7,0.86,0.86,1.0,0.86,0.0071,0.001983,0.005249
90,7,0.57,0.71,0.57,0.71,0.00707,0.001943,0.005185
90,7,0.57,0.86,0.57,0.86,0.007067,0.001944,0.005188
90,11,0.0,1.0,0.0,1.0,5.1e-05,0.002383,0.006588
90,11,0.0,1.0,0.0,1.0,3.3e-05,0.002379,0.006543
90,11,0.0,1.0,0.0,1.0,3.2e-05,0.002378,0.006545
91,5,0.8,0.6,1.0,0.6,0.008691,0.001509,0.003924
91,5,1.0,0.8,1.0,1.0,0.008702,0.001508,0.003923
91,5,0.4,0.4,0.4,1.0,0.00866,0.001497,0.003914
91,6,0.67,1.0,0.67,1.0,0.009286,0.00173,0.00459
91,6,1.0,1.0,1.0,1.0,0.009236,0.001737,0.004618
91,6,1.0,0.5,0.67,1.0,0.009273,0.001727,0.004624
91,7,0.86,0.86,0.86,0.86,0.007155,0.001941,0.005251
91,7,0.57,0.71,0.57,0.86,0.007082,0.001948,0.005236
91,7,0.57,0.71,0.86,0.71,0.007099,0.00193,0.00523
91,11,0.0,1.0,0.0,1.0,5.3e-05,0.002386,0.006566
91,11,0.0,1.0,0.0,1.0,3.4e-05,0.002375,0.006591
91,11,0.0,1.0,0.0,1.0,3.2e-05,0.002401,0.0066
92,5,1.0,1.0,1.0,1.0,0.008812,0.001541,0.003999
92,5,0.4,0.2,0.4,0.4,0.008679,0.001506,0.003927
92,5,0.6,0.4,0.6,1.0,0.008658,0.001509,0.003926
92,6,1.0,0.33,1.0,0.33,0.009302,0.00174,0.004628
92,6,0.83,0.83,1.0,1.0,0.009266,0.001725,0.004642
92,6,1.0,0.5,1.0,1.0,0.009384,0.001739,0.004613
92,7,0.86,0.86,0.86,1.0,0.007036,0.001953,0.005224
92,7,0.86,0.71,1.0,0.71,0.007074,0.001964,0.00523
92,7,0.86,1.0,1.0,1.0,0.007073,0.001946,0.005233
92,11,0.0,1.0,0.0,1.0,5e-05,0.002383,0.006588
92,11,0.0,1.0,0.0,1.0,3.4e-05,0.002391,0.006578
92,11,0.0,1.0,0.0,1.0,3.2e-05,0.002382,0.006583
93,5,0.4,0.8,1.0,0.8,0.008713,0.001521,0.003952
93,5,1.0,0.4,1.0,1.0,0.008675,0.001504,0.003933
93,5,1.0,1.0,1.0,1.0,0.008684,0.001515,0.003967
93,6,0.67,1.0,0.67,1.0,0.009289,0.001741,0.004628
93,6,0.83,1.0,0.83,1.0,0.009257,0.001738,0.004642
93,6,1.0,1.0,1.0,1.0,0.009261,0.001723,0.004599
93,7,0.57,0.71,0.57,0.71,0.007055,0.00195,0.005304
93,7,1.0,0.71,1.0,1.0,0.007018,0.001917,0.005249
93,7,1.0,0.71,1.0,0.71,0.007033,0.001929,0.005269
93,11,0.0,1.0,0.0,1.0,5e-05,0.002379,0.006574
93,11,0.0,1.0,0.0,1.0,3.3e-05,0.0024,0.006574
93,11,0.0,1.0,0.0,1.0,3.2e-05,0.002401,0.006646
94,5,1.0,0.8,1.0,0.8,0.008708,0.001522,0.003957
94,5,0.4,0.6,0.4,0.6,0.008677,0.001517,0.003954
94,5,0.8,0.8,1.0,0.8,0.008673,0.001497,0.003922
94,6,0.67,0.67,1.0,1.0,0.009273,0.00174,0.004636
94,6,0.5,0.67,0.67,0.67,0.009244,0.001718,0.004601
94,6,0.67,0.83,0.67,0.83,0.009473,0.00174,0.004613
94,7,0.57,1.0,0.57,1.0,0.007061,0.001943,0.005233
94,7,0.86,1.0,0.86,1.0,0.007012,0.001931,0.005217
94,7,0.57,0.71,0.71,0.71,0.007014,0.001937,0.005287
94,11,0.0,1.0,0.0,1.0,4.9e-05,0.002397,0.006616
94,11,0.0,1.0,0.0,1.0,3.3e-05,0.002373,0.006552
94,11,0.0,1.0,0.0,1.0,3.1e-05,0.002373,0.006556
95,5,0.8,0.2,1.0,0.6,0.008708,0.00152,0.003942
95,5,0.8,0.6,1.0,0.6,0.008662,0.001518,0.003928
95,5,1.0,0.4,1.0,1.0,0.008647,0.001495,0.003909
95,6,0.83,0.83,0.83,1.0,0.009318,0.001742,0.004655
95,6,0.83,0.83,0.83,0.83,0.009272,0.001739,0.00465
95,6,1.0,0.67,1.0,0.67,0.009243,0.001735,0.004629
95,7,1.0,0.86,1.0,0.86,0.007042,0.001942,0.005243
95,7,0.86,0.71,0.86,0.71,0.007006,0.001935,0.005213
95,7,0.71,0.71,0.71,0.71,0.006995,0.001942,0.005242
95,11,0.0,1.0,0.0,1.0,4.9e-05,0.002387,0.006658
95,11,0.0,1.0,0.0,1.0,3.3e-05,0.002403,0.006637
95,11,0.0,1.0,0.0,1.0,3.4e-05,0.002389,0.006518
96,5,1.0,0.8,1.0,1.0,0.008695,0.001524,0.003934
96,5,1.0,1.0,1.0,1.0,0.008669,0.001514,0.00395
96,5,0.8,0.4,1.0,1.0,0.008648,0.0015,0.003934
96,6,0.67,0.67,0.67,0.67,0.009341,0.001749,0.004653
96,6,1.0,0.67,1.0,0.67,0.009318,0.001747,0.004633
96,6,0.83,0.83,0.83,1.0,0.009298,0.001752,0.004663
96,7,0.57,1.0,0.86,1.0,0.00703,0.001936,0.005236
96,7,0.86,0.86,0.86,0.86,0.006998,0.001931,0.005214
96,7,0.57,0.71,0.71,0.71,0.007009,0.00193,0.005198
96,11,0.0,1.0,0.0,1.0,4.8e-05,0.002391,0.006585
96,11,0.0,1.0,0.0,1.0,3.2e-05,0.002365,0.006553
96,11,0.0,1.0,0.0,1.0,3.2e-05,0.002379,0.006562
97,5,0.4,1.0,0.4,1.0,0.008686,0.001515,0.003944
97,5,0.6,0.8,0.6,1.0,0.008665,0.001505,0.00393
97,5,1.0,0.4,1.0,0.4,0.008675,0.001507,0.003935
97,6,1.0,0.67,1.0,1.0,0.009437,0.00174,0.004648
97,6,0.83,0.83,1.0,0.83,0.009277,0.001743,0.00465
97,6,0.83,0.5,1.0,0.33,0.009276,0.001737,0.004612
97,7,0.71,1.0,0.71,1.0,0.007038,0.001938,0.00529
97,7,1.0,0.71,0.86,1.0,0.00702,0.00193,0.005245
97,7,0.86,0.71,1.0,1.0,0.00702,0.001939,0.005245
97,11,0.0,1.0,0.0,1.0,5.5e-05,0.002416,0.006577
97,11,0.0,1.0,0.0,1.0,3.4e-05,0.002365,0.006506
97,11,0.0,1.0,0.0,1.0,3.2e-05,0.002387,0.00659
98,5,0.8,0.0,0.8,0.4,0.008691,0.001515,0.003965
98,5,0.6,1.0,0.6,1.0,0.008671,0.001546,0.003922
98,5,0.8,0.4,0.6,1.0,0.008719,0.00152,0.003964
98,6,0.5,0.83,0.83,0.83,0.009288,0.001738,0.004654
98,6,0.67,0.83,0.67,0.5,0.009267,0.001733,0.00468
98,6,1.0,1.0,1.0,1.0,0.009337,0.001752,0.004683
98,7,0.71,0.86,0.71,0.86,0.007157,0.001979,0.005325
98,7,0.86,0.86,0.86,1.0,0.007029,0.001934,0.005212
98,7,1.0,0.71,1.0,0.71,0.007021,0.001937,0.005243
98,11,0.0,1.0,0.0,1.0,8.5e-05,0.002575,0.006672
98,11,0.0,1.0,0.0,1.0,4.1e-05,0.002422,0.006844
98,11,0.0,1.0,0.0,1.0,6e-05,0.002561,0.007159
99,5,0.4,0.6,0.8,0.6,0.009512,0.001679,0.004067
99,5,0.4,0.4,0.6,1.0,0.008713,0.001515,0.00393
99,5,1.0,1.0,1.0,1.0,0.00868,0.001515,0.003934
99,6,1.0,1.0,1.0,1.0,0.009296,0.001735,0.004631
99,6,0.67,1.0,0.67,1.0,0.00947,0.001869,0.004732
99,6,0.5,0.5,1.0,0.5,0.009276,0.001731,0.004678
99,7,0.71,0.86,0.57,0.86,0.007034,0.001945,0.005236
99,7,1.0,0.86,1.0,0.86,0.007015,0.001922,0.005206
99,7,0.86,0.57,0.86,0.57,0.00702,0.001937,0.005235
99,11,0.0,1.0,0.0,1.0,5.6e-05,0.002387,0.006568
99,11,0.0,1.0,0.0,1.0,3.3e-05,0.002361,0.006589
99,11,0.0,1.0,0.0,1.0,3.2e-05,0.002373,0.006551
100,5,0.2,0.6,0.2,0.8,0.008681,0.001518,0.00397
100,5,0.8,0.8,1.0,0.8,0.008687,0.001512,0.003955
100,5,1.0,1.0,1.0,1.0,0.008674,0.001511,0.003932
100,6,0.83,1.0,1.0,1.0,0.009301,0.001739,0.00464
100,6,1.0,0.67,1.0,0.67,0.009267,0.001745,0.004711
100,6,0.83,0.83,1.0,0.83,0.009265,0.001727,0.004609
100,7,0.86,0.57,1.0,0.57,0.007046,0.001946,0.005302
100,7,1.0,1.0,1.0,1.0,0.007021,0.001917,0.0052
100,7,1.0,0.71,1.0,1.0,0.007008,0.001938,0.005191
100,11,0.0,1.0,0.0,1.0,6.2e-05,0.002526,0.007022
100,11,0.0,1.0,0.0,1.0,3.9e-05,0.002514,0.006572
100,11,0.0,1.0,0.0,1.0,3.6e-05,0.002387,0.006593
